SMILES,CF
Cc1ccnc(N)n1,0.26133
CNCc1ccccc1,0.09213
CC(=O)c1ccc[nH]1,0.4218
COC(=O)c1csc(N)n1,0.38641
c1ccc(CNCc2ccccc2)cc1,0.32414
Nc1ccn[nH]1,0.07775
CCNCc1ccccc1,0.11207
OC(c1ccccc1)(c1ccccc1)C1CCNCC1,0.46928
CC(C)(C)S(N)=O,0.01587
Nc1ccc(Oc2ccccc2)cc1,0.69896
Nc1ccc2c(c1)OCO2,0.34165
CCc1ncc[nH]1,0.09682
Nc1ccc(C(=O)c2ccccc2)cc1,1.06534
Cc1cccc2sc(N)nc12,0.64268
O=C(O)c1ccc(Br)cc1F,0.4301
Nc1ccccc1OC(F)(F)F,0.37613
O=C(O)c1ccc(Br)o1,0.26559
Cc1nnc(N)s1,0.15805
Nc1ncccn1,0.20839
CC(=O)N1CCNCC1,0.08772
CNCc1cccc2ccccc12,0.64447
Nc1ccc(S)cc1,0.47878
O=C(O)c1ccc(Cl)s1,0.33152
Nc1ncc([N+](=O)[O-])s1,0.496
Cc1cc[nH]n1,0.07322
Nc1cccc(OC(F)(F)F)c1,0.3794
COC(=O)c1sc(-c2ccccc2)cc1N,0.96419
Nc1cccc(OCc2ccccc2)c1,0.65497
Cc1cc(N)n(-c2ccccc2)n1,0.49856
CSc1ccc(N)cc1,0.54932
Nc1cccc2cnccc12,0.81626
Nc1nc2ccccc2s1,0.6103
c1ccc2[nH]ccc2c1,0.60469
Cc1ccc(N)nc1,0.22122
Cc1cccc2[nH]ccc12,0.51027
COC(=O)c1nccnc1N,0.16458
O=C(OCc1ccccc1)[C@@H]1CCCN1,0.11745
COc1nc(C)nc(N)n1,0.17007
CC(C)(C)OC(=O)Nc1nccs1,0.2183
Nc1ccc(Cl)cc1C(=O)C(F)(F)F,0.29287
COc1ccc2nc(N)sc2c1,0.56488
N#Cc1ccccc1N,0.5139
c1cnc(N2CCNCC2)nc1,0.20666
COC(=O)c1sccc1N,0.31905
Cc1cc(N)n(C)n1,0.13271
CCOC(=O)C=C(N)C(F)(F)F,0.2237
Nc1ccccc1C(=O)c1ccccc1,0.76017
Nc1nnc(S)s1,0.20791
Nc1ncccc1OCc1ccccc1,0.47195
Nc1ccc([N+](=O)[O-])cn1,0.71074
Nc1ccccc1S(=O)(=O)c1ccccc1,0.51799
CC(N)c1cccc2ccccc12,0.58547
Nc1ccc(N2CCOCC2=O)cc1,0.30753
Nc1cccc(F)c1F,0.23875
COC(=O)c1ccsc1N,0.39126
c1ccc2[nH]cnc2c1,0.20576
COC(=O)[C@H](Cc1ccccc1)NC(=O)OC(C)(C)C,0.20115
CNc1nc(C)nc(OC)n1,0.25375
Nc1cc(Cl)ncn1,0.32694
CCOC(=O)Cc1csc(N)n1,0.07481
N#Cc1cc(N)ccc1F,0.43587
NN=C(c1ccccc1)c1ccccc1,0.72795
COC(=O)c1ccc(C(=O)OC)c(N)c1,0.6024
CCOC(=O)c1csc(N)n1,0.27377
NS(=O)(=O)c1ccccc1[N+](=O)[O-],0.15347
CC(=O)c1ccccc1N,0.31842
Nc1nc(O)cs1,0.07726
Nc1cccc2cccnc12,0.61901
CCOC(=O)Cc1c(C(=O)OCC)sc(N)c1C#N,0.46537
CCOC(=O)c1cccc(N)c1,0.32292
COc1cccc(NC(=O)OC(C)(C)C)c1,0.70009
CNc1ccccc1C,0.38218
CNc1ccccc1[N+](=O)[O-],0.44434
COC(=O)c1ccc(N)cc1,0.61201
N#Cc1ccc(N)cc1C(F)(F)F,0.63189
CNS(=O)(=O)c1ccc(C)cc1,0.36766
COc1ccc(N)cn1,0.24879
CC1Cc2ccccc2N1,0.24845
NCc1ccc(O)cc1,0.1829
COc1cc(N)ncn1,0.39974
CCOC(=O)c1sc(N)nc1C,0.31039
CC(=O)c1cccc(N)c1O,0.47305
Cc1cnc(N)s1,0.17259
NC(CO)c1ccccc1,0.08669
Cc1cc(C)nc(N)n1,0.35239
CC(C)Nc1ccccc1,0.30351
N#Cc1c(N)cccc1F,0.47801
Cc1ccc(S(=O)(=O)NC2CCCCC2)cc1,0.38465
Nc1cccc2c1C(=O)c1ccccc1C2=O,1.00439
NC(c1ccccc1)c1ccccc1,0.38677
c1ccc(N2CCNCC2)cc1,0.37559
Nc1ccc(N2CCOCC2)c(F)c1,0.30378
c1ccc2n[nH]nc2c1,0.41432
NS(=O)(=O)c1ccccc1,0.21538
COC(=O)c1cc(N)cc(C(=O)OC)c1,0.71449
O=C(O)CNc1ccccc1,0.35046
NS(=O)(=O)c1ccc(C(=O)O)cc1,0.36146
O=C(O)c1cc2ccccc2[nH]1,0.79166
Nc1ccc(C(=O)O)cc1,0.50368
Cc1cc(Cl)cc(C(=O)O)c1N,0.66202
Nc1ccc(C(=O)O)c(Cl)c1,0.47066
Cc1ccc(N)c(C(=O)O)c1,0.56661
c1ccc(CNc2ccccc2)cc1,0.562
N#Cc1cccc(N)c1,0.49915
O=C(O)c1ccc(F)c(Br)c1,0.44023
Nc1ccc(Cl)cc1C(=O)O,0.52655
O=C(N[C@H](C(=O)O)C1CCCCC1)OCc1ccccc1,0.13544
O=C(O)CCc1c[nH]c2ccccc12,0.58943
O=C(O)C1(C(=O)Nc2ccc(F)cc2)CC1,0.34607
O=C(O)Cc1c[nH]c2ccccc12,0.47976
CC(=O)c1ccccc1Cl,0.22191
O=C1CCc2cc(Cl)ccc21,0.52799
CC(=O)c1cc(Cl)cc([N+](=O)[O-])c1O,0.56405
CCOC(=O)c1cc2c(=O)c3cc(C(C)C)ccc3oc2nc1N,1.45349
c1ccc2c(c1)Cc1ccccc1N2,0.61871
Cc1cc(=O)oc2cc(N)ccc12,0.90076
Nc1ccc2c(c1)OCCO2,0.34644
Nc1ccc2c(c1)CCCC2=O,0.52583
CC1=CC(C)(C)Nc2ccccc21,0.42337
COC(=O)C1Cc2c([nH]c3ccccc23)C(c2ccc3c(c2)OCO3)N1C(=O)CCl,1.22575
Oc1cc2ccccc2[nH]1,0.36864
NN1C(=O)c2ccccc2C1=O,0.67245
c1cnc2c(c1)CCN2,0.24474
CCCn1c(=O)c(C)cn2nc(N)nc12,0.59782
Nc1nc2c(s1)C(=O)CCC2,0.49863
CC(=O)OCC(CCn1cnc2cnc(N)nc21)COC(C)=O,0.51238
Nc1cnn(-c2ccccc2)c(=O)c1,0.56386
Nc1cnn(-c2ccccc2)c(=O)c1Cl,0.76229
CC(=O)OC1C(C)OC(n2cc(F)c(N)nc2=O)C1OC(C)=O,0.44607
CC1CCC(C(C)C)C(OC(=O)C2OC(n3cc(F)c(N)nc3=O)CS2)C1,0.4328
Nc1ccon1,0.08112
Nc1cnns1,0.18435
Cc1cc(N)on1,0.14627
Cc1cc(N)no1,0.11436
NCc1cccs1,0.08066
Cc1nsc(N)n1,0.1512
Cc1cccc(F)c1Br,0.23808
CCc1nn(C)c(C(=O)O)c1Cl,0.1264
COc1cccc(F)c1Br,0.37803
O=C(O)c1cc([N+](=O)[O-])c(Cl)c([N+](=O)[O-])c1,0.68224
O=[N+]([O-])c1cc(C(F)(F)F)cc([N+](=O)[O-])c1Cl,0.48282
Cn1cnc([N+](=O)[O-])c1Cl,0.40869
Cn1c(Cl)cc(=O)n(C)c1=O,0.27262
COC(=O)c1ccc(F)c(Br)c1,0.46331
CC(=O)c1ccc(F)c(Br)c1,0.50625
Fc1ccc(C(F)(F)F)cc1Br,0.24806
N#Cc1ccc(C(F)(F)F)cc1Cl,0.51085
Cc1cc(Cl)ncc1N,0.41997
Cc1cc(Br)ncc1[N+](=O)[O-],0.38033
Cc1ccc(C#N)c(Br)c1,0.47385
Cc1cc(F)cc(Br)c1,0.28405
Cc1ccc(F)c(Br)c1,0.25772
COc1cc(F)cc(Br)c1,0.43802
Cc1ccc(F)cc1Br,0.22993
Fc1ccc(C(F)(F)F)c(Br)c1,0.26122
O=Cc1ccc(F)cc1Br,0.41923
O=C(O)Cc1ccc(F)cc1Br,0.29843
CC(=O)Nc1ccc(F)cc1Br,0.34955
Oc1ccc(F)cc1Br,0.32337
COc1ccc(F)cc1Br,0.4072
O=C(Nc1ccccc1)Nc1ccnc(Cl)c1,0.7779
Nc1ccnc(Cl)c1,0.29541
Oc1cc(F)cc(Br)c1,0.38522
Cc1cc([N+](=O)[O-])c(OC(C)C)cc1Br,0.47859
COc1cc(Br)cc(OC)c1,0.41577
COc1cc(Br)cc([N+](=O)[O-])c1,0.48806
COc1cc(Cl)nc(N)n1,0.33209
N#Cc1cc([N+](=O)[O-])cc(Br)c1N,0.66719
O=[N+]([O-])c1cc(Br)cc(C(F)(F)F)c1,0.4734
O=C(O)c1ccc([N+](=O)[O-])cc1Cl,0.41465
O=[N+]([O-])c1ccc(F)c(Br)c1,0.40273
O=c1ccc(Cl)n[nH]1,0.27221
Cc1cc(Br)ccc1C#N,0.52758
N#Cc1ccc(Cl)cc1[N+](=O)[O-],0.5812
N#Cc1ccc(Br)cc1,0.50267
N#Cc1ccc(Cl)c([N+](=O)[O-])c1,0.58342
CC(C)(C)NC(=O)c1ccc(Cl)nc1,0.35271
COc1cc(Cl)ccc1C(=O)O,0.3478
O=C(O)c1ccc(Cl)c(C(F)(F)F)c1,0.37566
O=C(O)c1ccc(Br)cn1,0.28825
O=C(O)c1ccc(Br)c(F)c1,0.42539
COC(=O)c1ccc(Br)cc1F,0.42143
COC(=O)c1ccc(Cl)cc1[N+](=O)[O-],0.4691
COC(=O)c1ccc(Br)cc1,0.41494
COC(=O)c1ccc(Cl)c(N)c1,0.57552
COC(=O)c1ccc(Cl)c([N+](=O)[O-])c1,0.5336
COC(=O)c1ccc(Cl)nc1,0.33455
Fc1cc(Br)ccc1C(F)(F)F,0.23203
Cc1ccc(Br)c(F)c1,0.30236
O=Cc1ccc(Br)cc1F,0.45285
Clc1ccc(Cc2nc3ccccc3[nH]2)cc1,0.8705
CC(=O)c1cc(Br)ccc1F,0.33944
Fc1ccc(Br)cc1C(F)(F)F,0.17425
Cc1cc(Br)ccc1F,0.24276
Oc1cc(Br)ccc1F,0.2829
COc1cc(Br)ccc1F,0.368
Fc1ccc(Br)cc1,0.13957
Cc1cc(F)ccc1Br,0.30903
Fc1ccc(Br)nc1,0.14126
Fc1ccc(Br)c(C(F)(F)F)c1,0.19525
Fc1ccc(Br)cn1,0.14283
Nc1ccc(Cl)nc1,0.35899
Nc1ccc(Cl)nn1,0.30962
CC(=O)Nc1ccc(Br)cc1F,0.48194
Oc1ccc(Br)cc1F,0.38046
COc1ccc(Cl)cc1C(=O)O,0.36139
COC(=O)c1cc(Cl)ccc1OC,0.60678
COc1ccc(Br)cc1F,0.33863
COc1ccc(Cl)nn1,0.19081
CS(=O)(=O)c1ccc(Cl)cc1,0.36534
O=[N+]([O-])c1ccc(Cl)cc1C(F)(F)F,0.3011
Cc1cc(Cl)ccc1[N+](=O)[O-],0.49141
Nc1cc(Cl)ccc1[N+](=O)[O-],0.52937
O=C(O)c1cc([N+](=O)[O-])ccc1Cl,0.45625
N#Cc1cc([N+](=O)[O-])ccc1Cl,0.50683
O=[N+]([O-])c1ccc(Br)c(C(F)(F)F)c1,0.51516
O=[N+]([O-])c1ccc(Br)c(F)c1,0.43338
O=[N+]([O-])c1ccc(Br)cn1,0.39424
Clc1ccc2nccn2n1,0.49254
O=c1cccc(Cl)[nH]1,0.31582
O=C(O)c1cccc(Br)c1F,0.31762
O=C(O)c1cccc(Cl)c1[N+](=O)[O-],0.43091
FC(F)(F)c1cccc(Br)n1,0.17779
Cc1cccc(Br)n1,0.1053
Fc1cccc(Br)c1,0.20176
Cc1c(F)cccc1Br,0.32839
Fc1cccc(Br)n1,0.15941
Cc1c(Cl)cccc1[N+](=O)[O-],0.35369
N#Cc1ccccc1Br,0.52382
Fc1ccccc1Br,0.13498
Brc1cccs1,0.11822
CNC(=O)c1cc(Cl)ccn1,0.46751
COC(=O)c1cc(Cl)ccn1,0.38427
NC(=O)c1cc(Cl)ccn1,0.32797
Brc1ccsc1,0.09791
COC(=O)c1sccc1Br,0.32616
Cc1cc(F)ncc1Br,0.22706
Clc1cnc2ccccc2n1,0.67141
N#Cc1cncc(Br)c1,0.36229
COC(=O)c1cncc(Br)c1,0.31618
FC(F)(F)c1cncc(Cl)c1,0.18374
Cn1cc(Br)cn1,0.07358
COc1cc(OC)nc(Cl)n1,0.28385
COc1ccc([N+](=O)[O-])c(Cl)n1,0.43344
COc1nc(Cl)nc(OC)n1,0.17211
CCOC(=O)c1cnc(SC)nc1Cl,0.45646
Clc1nc2ccccc2s1,0.29627
Cc1cnc(Cl)nc1,0.15843
Cc1cnc(Br)s1,0.13339
Cn1cc(-c2ccnc(Cl)n2)c2ccccc21,1.02129
FC(F)(F)c1ccnc(Cl)n1,0.0906
COc1ccnc(Cl)n1,0.15779
Cc1cccnc1Br,0.13541
N#Cc1cccnc1Cl,0.33377
COC(=O)c1cccnc1Cl,0.25861
FC(F)(F)c1cccnc1Cl,0.1282
OCc1cccnc1Cl,0.15357
Nc1cccnc1Cl,0.34014
Brc1ncccn1,0.13861
N#Cc1nccnc1Cl,0.26316
Brc1nccs1,0.1049
Cc1ccc(S(=O)(=O)n2ccc3c(Cl)ncnc32)cc1,0.80745
Clc1nsc2ccccc12,0.45806
Clc1nsnc1N1CCOCC1,0.23056
Cc1nc(Cl)c2oc3ccccc3c2n1,0.7348
Clc1ncnc2c1ncn2C1CCCCO1,0.35597
Clc1ccc2nncn2n1,0.36854
Cc1cn2nc(Cl)ccc2n1,0.53502
O=[N+]([O-])c1cnc2ccc(Cl)nn12,0.65773
Brc1[nH]nc2ncccc12,0.46025
FC(F)(F)Oc1ccc2nc(Cl)sc2c1,0.56252
Brc1cnc2ccccn12,0.39488
FC(F)(F)c1ccc2ncc(Br)n2c1,0.58001
Clc1cccc2scnc12,0.51304
Fc1ccc2nc(Br)sc2c1,0.55788
Nc1c(Cl)ccc2nsnc12,0.62871
Clc1cccn2cnnc12,0.39489
FC(F)(F)c1cc(Cl)c2nccn2c1,0.49715
O=C1OCc2c(Cl)cccc21,0.4782
COC(=O)c1sc2ccccc2c1Cl,0.7575
Clc1nccn2ccnc12,0.43512
Clc1nccn2cnnc12,0.40073
Clc1ncnc2ccsc12,0.47614
COc1cc2ncc(Cl)nc2cc1OC,0.89874
Nc1nc(Cl)c2cc[nH]c2n1,0.67687
Fc1cc2ncccc2cc1Br,0.9458
O=[N+]([O-])c1ccc(Br)c2ccncc12,0.90263
Clc1nccc2occc12,0.43682
Cn1ccc2c(Cl)ncnc21,0.50397
Cn1ncc2c(Cl)ncnc21,0.52936
Clc1ncnc2sccc12,0.46274
COc1cc2ncnc(Cl)c2cc1OC,0.87913
Clc1ccnc2[nH]ncc12,0.46781
Clc1ccc2cc[nH]c2n1,0.58708
COc1ccc2c(Cl)ccnc2c1,0.7724
Clc1ccn2nccc2n1,0.47797
Clc1ccc2c[nH]nc2n1,0.48031
Clc1ccc2[nH]ncc2n1,0.42828
Cc1cc(Cl)nc2c(C)cccc12,0.75531
O=[N+]([O-])c1cnn2ccc(Cl)nc12,0.8945
Clc1ncc2cc[nH]c2n1,0.45767
Clc1nc(-c2ccccc2)c2ccccc2n1,1.01067
Cc1cc(=O)n(C2CCCC2)c2nc(Cl)ncc12,0.74527
CN(C)C(=O)c1cc2cnc(Cl)nc2n1C1CCCC1,0.61893
N#Cc1cncc(Cl)n1,0.33368
COc1cncc(Cl)n1,0.24415
Clc1cncc(-n2cccn2)n1,0.51404
CC(C)(C)OC(=O)Nc1cc(Br)cs1,0.30101
N#Cc1c(Cl)ccc(N)c1N,0.49534
Cn1cc(Br)c(C(=O)O)n1,0.15884
O=[N+]([O-])c1cc(C(F)(F)F)cnc1Cl,0.32367
N#Cc1cnc(Cl)s1,0.20763
Brc1nncs1,0.0871
CC(=O)c1cccnc1Cl,0.28606
CNC(=O)c1cccnc1Cl,0.079
N#Cc1ccc(Br)s1,0.29759
O=C(c1cccnc1Cl)N1CCCC1,0.32154
O=C(O)c1csc(Br)c1,0.36507
CC(C)(C)c1ccc(Cl)c([N+](=O)[O-])c1,0.47266
FC(F)(F)c1cccc(C(F)(F)F)c1Br,0.34863
O=C(O)c1csc(Br)n1,0.17241
O=Cc1cnc(Br)s1,0.28943
Cc1nc(Br)sc1C(=O)O,0.31976
FC(F)(F)c1csc(Br)n1,0.11867
CN(C)c1ccc(Cl)nn1,0.5299
FC(F)(F)c1ccc(Cl)nn1,0.14944
Nc1ccc(S(=O)(=O)Nc2ccc(Cl)nn2)cc1,0.98921
O=c1[nH]ccc(Cl)c1[N+](=O)[O-],0.37613
CCOC(=O)c1cc(Cl)n[nH]c1=O,0.4612
COC(=O)c1coc(Cl)n1,0.18284
COc1nccnc1Cl,0.30362
Nc1cc(Cl)c[nH]c1=O,0.40929
Nc1nc(-c2cc(Cl)cs2)cs1,0.61325
CCOCn1cc([N+](=O)[O-])nc1Br,0.44335
Cn1c(=O)cc(Cl)n(Cc2ccccc2C#N)c1=O,0.74366
COC(=O)c1cc([N+](=O)[O-])c(Cl)s1,0.52787
COC(=O)c1nc(N)sc1Cl,0.31408
COC(=O)c1cc(OC)c(Cl)c([N+](=O)[O-])c1,0.70096
CN(C)C(=N)N(C)C,0.07894
c1c[nH]nn1,0.05754
COC(=O)C(NCc1ccc(-c2ccccc2C#N)cc1)C(C)C,0.78628
COC(=O)c1ccccc1CS(N)(=O)=O,0.41831
N#CN=C1NCCS1,0.30899
CCOC(=O)c1nn[nH]n1,0.09829
O=C1CC2(CCCC2)CC(=O)N1,0.1509
NC1c2ccccc2CC1O,0.22713
Cc1[nH]nc2cc([N+](=O)[O-])ccc12,0.73089
c1ccc2c(c1)[nH]c1cccc(OCC3CO3)c12,0.94629
COc1ncccc1N,0.38713
CC(C)(N)c1ccccc1,0.09775
Cc1nnc(-c2ccccc2)c(=O)n1N,0.6826
CC(C)(C)OC(=O)CN1C(=O)C(N)CCc2ccccc21,0.47458
NC1CCCc2ccccc21,0.18707
FC(F)(F)c1nc2ccccc2[nH]1,0.43383
Fc1ccc(-c2cc[nH]n2)cc1,0.50665
CCOC(=N)c1ccccc1,0.2699
CN1CCNC(c2ccccc2)C1,0.17162
NOc1ccc([N+](=O)[O-])cc1[N+](=O)[O-],0.70704
CN1CCC(NCc2ccc(F)cc2)CC1,0.11089
CC(C)(C)OC(=O)n1ncc2cc(N)ccc21,0.75147
c1ccc(-c2ccc3c(c2)[nH]c2ccccc23)cc1,1.64782
OC1CCCCC1NCc1ccccc1,0.1304
COc1ccc(CC2NCCc3cc(OC)c(OC)cc32)cc1OC,1.01201
COC(=O)c1c[nH]nn1,0.18477
c1ccc(CNC2CC2)cc1,0.16377
c1[nH]nc2c1CCCC2,0.07126
c1cc2cc3c(cc2[nH]1)OCO3,0.4676
CCOC(=O)C1CNc2ccccc2O1,0.37261
Nn1c(O)csc1=S,0.34342
COc1cncc(N)n1,0.32399
Cc1ccc(C2CCCN2)cc1,0.23579
O=c1cccc2n1CC1CNCC2C1,0.31457
O=[N+]([O-])c1cccc2[nH]nnc12,0.63267
O=[N+]([O-])c1ccc(F)cc1NCc1ccccc1,0.77189
COc1ccc(CNC2CC2)cc1,0.29354
c1cnc2[nH]nnc2c1,0.31621
Nn1nnc2ccccc21,0.35153
O=C(O)COc1ccc(Cl)cc1,0.35075
O=C(O)CCCC(=O)c1ccc(F)cc1,0.31848
O=C(O)Cc1ccc(Cl)cc1,0.30546
CC1=C(CC(=O)O)c2cc(F)ccc2C1=Cc1ccc(S(C)=O)cc1,1.411
O=C(O)c1cccnc1F,0.16063
O=C(O)Cc1ccc(F)cc1,0.10318
O=C(O)c1ccc(F)cc1,0.22469
O=C(O)c1cccc(Cl)c1,0.42938
O=C(O)c1ccc(Cl)cc1,0.34545
O=C(O)c1ccccc1C(=O)c1ccc(Cl)cc1,0.76704
CC(=O)c1ccccc1F,0.38279
CC(=O)Cc1ccc(F)cc1,0.11252
OB(O)c1ccc(F)c(C(F)(F)F)c1,0.17211
COc1cccc(F)c1B(O)O,0.25747
N#Cc1ccc(F)c(B(O)O)c1,0.32797
CC1(C)OB(c2ccc(C(=O)O)cc2F)OC1(C)C,0.22499
CC(=O)c1ccc(F)c(B2OC(C)(C)C(C)(C)O2)c1,0.18441
CC1(C)OB(c2ccc(C(F)(F)F)c(F)c2)OC1(C)C,0.05092
CC1(C)OB(c2cc(F)cc(C(=O)O)c2)OC1(C)C,0.23071
O=Cc1cc(B(O)O)ccc1F,0.40852
O=C(O)c1ccc(B(O)O)cc1F,0.23035
COc1cc(F)cc(B(O)O)c1,0.29661
OB(O)c1ccc(F)cc1C(F)(F)F,0.12315
COC(=O)c1ccc(B(O)O)c(F)c1,0.3051
OB(O)c1cc(F)cc(C(F)(F)F)c1,0.17934
Cc1cc(F)ncc1B(O)O,0.15169
O=C1Cc2c(Cl)ncnc2N1,0.16177
Clc1ncnc2c1CCN(Cc1ccccc1)C2,0.26325
O=S1(=O)NC[C@@H](O)c2cc(Cl)sc21,0.25558
CC[C@@H]1C(=O)Nc2cnc(Cl)nc2N1C(C)C,0.63464
CCNc1nc(Cl)nc(NC(C)C)n1,0.47279
Cc1cccc(-c2nc(Cl)nc(-c3cccc(C)c3)n2)c1,1.05631
O=[N+]([O-])c1ccc2nc(Cl)sc2c1,0.64239
CCOC(=O)c1ccc2nc(Cl)sc2c1,0.69717
Cc1ccc2nc(Cl)sc2c1,0.60083
Nc1ccc(F)nc1Br,0.3078
O=C(O)c1nccnc1Cl,0.20486
N#Cc1cnc(Cl)cn1,0.27107
Clc1ncc[nH]1,0.04997
CCOC(=O)c1ncsc1Cl,0.30699
O=[N+]([O-])c1cnc(Cl)s1,0.31713
Clc1cncnc1,0.08467
CCOC(=O)c1cnc(Cl)nc1C(F)(F)F,0.23738
CC(C)(C)c1cc(Br)cc(C(C)(C)C)c1,0.47127
Cc1ccc(C(=O)O)cc1Br,0.52068
Cc1ccc(C#N)cc1Br,0.50701
Brc1cc(-c2ccccc2)cc(-c2ccccc2)c1,1.3767
Ic1c[nH]cn1,0.10162
O=c1[nH]cc(Br)cc1[N+](=O)[O-],0.49806
Brc1c2ccccc2cc2ccccc12,1.16686
COc1ccc2ccccc2c1Br,0.77975
COC1=CC(=O)C[C@@H](C)[C@]12Oc1c(Cl)c(OC)cc(OC)c1C2=O,1.00894
Fc1cccc(F)c1Br,0.18497
Fc1c(F)c(F)c(Br)c(F)c1F,0.10366
Cc1noc(C)c1Br,0.07797
Cc1ccc2ccccc2c1Br,0.76175
COc1cc(C)c(Br)c(C)c1,0.44213
Cc1cc(O)cc(C)c1Br,0.46744
Cc1cc(C)c(Br)c(C)c1,0.45311
COc1c(C)c(Br)c(OC)c(OC)c1OC,0.55268
O=C1C=C(Cl)C(=O)c2ccccc21,0.67757
Clc1ccc2c(c1)Nc1ccccc1S2,1.09705
O=C1CCCNc2ccc(Cl)cc21,0.57769
CN1CCN(C2=Nc3cc(Cl)ccc3Nc3ccccc32)CC1,0.99696
CC(=O)c1ccc(Br)cc1,0.43729
O=C(CCCl)c1ccccc1,0.35902
O=C(/C=C/c1ccccc1)c1ccc(Cl)cc1,1.1975
CC(=O)c1cccc(Br)n1,0.35005
CCC(=O)c1cccc(Cl)c1,0.39923
O=C(CBr)c1cccc([N+](=O)[O-])c1,0.45581
O=C(c1ccc(Br)cc1)C(F)(F)F,0.27211
O=C1CCc2ccc(Br)cc21,0.51883
CC(C)(C)OC(=O)N[C@@H](Cc1ccccc1)C(=O)CCl,0.21514
Cc1cc(C)c(N)c(Br)c1,0.48676
CNc1cccc2c1C(=O)c1ccccc1C2=O,1.15458
NC(=S)c1ccc(Cl)cc1,0.63257
O=Cc1cc(Br)cs1,0.34411
O=C(O)c1cn(C2CC2)c2cc(Cl)c(F)cc2c1=O,0.86597
O=C(O)COc1ccccc1Cl,0.33116
CCc1ccc(C(C)(C)C(=O)O)cc1I,0.41879
CCOc1ccc(Br)cc1,0.37971
COc1ccc(Br)cn1,0.23759
Brc1ccc(Oc2ccccc2)cc1,0.59561
O=S(=O)(O)c1ccc(Cl)cc1,0.19784
CCCNC(=O)NS(=O)(=O)c1ccc(Cl)cc1,0.48918
NS(=O)(=O)c1ccc(Br)cc1,0.43812
CSc1ccc(Br)cc1,0.4748
O=[N+]([O-])c1ccc(Cl)cc1F,0.4143
COc1cc([N+](=O)[O-])ccc1Br,0.50562
O=c1[nH]c2ccc(Br)cc2s1,0.60106
Cc1cc([N+](=O)[O-])ccc1Br,0.4474
CCOC(=O)c1cc2cc(Cl)ccc2[nH]1,0.97017
Brc1ccc2[nH]c3ccccc3c2c1,1.06489
Brc1ccc2[nH]ccc2c1,0.64585
Brc1ccc2[nH]cnc2c1,0.53375
Clc1ccc2[nH]nnc2c1,0.56776
Brc1ccc2c(c1)Cc1ccccc1-2,0.96481
Oc1cc2ccc(Cl)cc2[nH]1,0.52018
FC1(F)Oc2ccc(Br)cc2O1,0.27474
Brc1ccc2c(c1)OCO2,0.40037
O=C1OC(=O)c2ccc(Br)c3cccc1c23,0.85961
Brc1ccc2c(c1)c1ccccc1n2-c1ccccc1,1.43392
Clc1ccc2cc[nH]c2c1,0.63207
Cc1ccc2ccc(Cl)cc2n1,0.80422
Brc1ccc2ncccc2c1,0.78857
Clc1ccc2nsnc2c1,0.60935
Cc1nc2cc(Cl)ccc2o1,0.49289
O=c1[nH]c2cc(Cl)ccc2o1,0.55886
Brc1ccc2oc3ccccc3c2c1,1.01631
Brc1cccc(-c2ccccc2)c1,0.75017
O=C(O)/C=C/c1cccc(Br)c1,0.75957
O=C(O)c1cccc(Br)c1,0.45927
OB(O)c1cccc(Cl)c1,0.33803
N#Cc1cccc(Cl)c1F,0.41204
O=C(O)c1cccc(I)c1C(=O)O,0.37938
Cc1c(Br)cccc1C(=O)O,0.44252
O=C(c1ccccc1)c1cccc(Cl)c1,0.69906
COC(=O)c1cccc(Br)c1,0.42458
CC(=O)c1cccc(Br)c1,0.42109
FC(F)(F)c1cccc(Br)c1,0.23906
CC(=O)Nc1ccc(C(F)(F)F)cc1Cl,0.42725
Cc1cc(Br)cc(C)c1O,0.40098
Fc1ncc(C(F)(F)F)cc1Cl,0.1197
COc1c(C)cc(Br)cc1C,0.38248
COc1cc(C)cc(Br)c1,0.41365
Cc1ccc(O)c(Br)c1,0.34738
COc1ccc(C)cc1Br,0.44849
Clc1cc(CN2CCCCC2)ccn1,0.16232
Cc1ccnc(Br)c1,0.23023
O=C(O)c1c(F)cc(Br)cc1F,0.39594
Fc1cc(Br)cc(F)c1F,0.19185
O=C(O)c1cc(F)c(F)cc1Cl,0.30462
O=[N+]([O-])c1cc(F)c(Br)cc1F,0.42066
Cc1cc([N+](=O)[O-])c(F)cc1Cl,0.44774
Fc1cc(F)cc(Br)c1,0.24045
O=[N+]([O-])c1c(F)cc(F)cc1Br,0.33306
COC(=O)c1ccc(F)cc1Cl,0.40168
Fc1ccc(F)c(Br)c1,0.15998
CC(=O)Nc1ccc(C)c(Cl)c1,0.49201
Cc1ccc(NC(=O)N(C)C)cc1Cl,0.45797
CC(=O)Nc1ccc(F)c(Cl)c1,0.47175
COc1ccc(OC)c(Br)c1,0.41224
Cc1cc(C)c([N+](=O)[O-])cc1Br,0.48459
Cc1ccc([N+](=O)[O-])cc1Br,0.49473
COc1ccc([N+](=O)[O-])cc1Br,0.60323
O=[N+]([O-])c1ccc(OC(F)(F)F)c(Br)c1,0.43717
O=[N+]([O-])c1ccc(OCc2cccc(F)c2)c(Cl)c1,0.78998
Brc1cc2ccccc2c2ccccc12,1.13252
Brc1ccc(-c2ccc(-c3ccccc3)cc2)cc1,1.30703
CCCc1ccc(-c2ccc(Br)cc2)cc1,0.93745
Oc1ccc(-c2ccc(Br)cc2)cc1,0.93796
Brc1ccc(-c2ccccc2)cc1,0.82758
O=c1ccc(Br)c[nH]1,0.40253
CCOc1cc(Br)ccc1C#N,0.60553
CC(C)NC(=O)c1ccc(Br)s1,0.40069
O=C(CCCl)c1ccc(Br)cc1,0.4276
Cc1cc(Br)ccc1C(=O)O,0.48586
O=C(O)c1ccc(Br)cc1,0.49741
COC(=O)c1ccc(Br)c(C)c1,0.48786
O=C(c1ccccc1)c1ccc(Br)cc1,0.78235
FC(F)(F)c1ccc(Br)cc1,0.2774
CC(C)(C)c1ccc(Br)cc1,0.32284
CC(=O)c1ccc(Br)s1,0.39848
NC(=O)c1ccc(Br)cc1,0.53137
O=C(O)C(O)c1ccc(Cl)cc1,0.25419
Cc1ccc(Br)cc1C(=O)O,0.49985
Cc1ccc(Br)cc1O,0.44812
Cc1ccc(Br)cn1,0.22497
Cc1ccc(I)c(C(=O)O)c1,0.57619
CCCC1CCC(c2ccc(Br)cc2)CC1,0.4593
O=Cc1ccc(Br)o1,0.45204
O=Cc1ccc(Br)s1,0.37415
CCCc1ccc(Br)cc1,0.29763
O=C(O)Cc1ccc(Br)cc1,0.39742
OCCc1ccc(Cl)cc1,0.30929
OCc1ccc(Br)cc1,0.35699
Fc1ccc(Br)c(F)c1,0.14608
Fc1ccc(Br)cc1F,0.2154
Fc1ccc(Br)c(F)c1F,0.19861
CN(C)c1ccc(Br)cc1,0.54207
Brc1ccc(N(c2ccccc2)c2ccccc2)cc1,1.31852
CC(C)(C)OC(=O)Nc1ccc(Cl)cc1,0.55675
CC(=O)Nc1ccc(Br)cc1,0.49185
CC(C)(C)OC(=O)Nc1ccc(Br)cn1,0.53123
CNc1ccc(Br)c2c1C(=O)c1ccccc1C2=O,0.98681
CC(=O)c1cc(Br)ccc1O,0.53062
Oc1ccc(Br)cc1C(F)(F)F,0.39335
Cc1cc(Br)ccc1O,0.40437
O=[N+]([O-])c1cc(Br)ccc1O,0.62546
Oc1ccc(Cl)cc1Cc1ccccc1,0.64745
FC(F)(F)Oc1ccc(Br)cc1,0.28012
O=[N+]([O-])c1cc(OC(F)(F)F)ccc1Br,0.42852
COc1ccc(Br)cc1O,0.47713
FC(F)Oc1ccc(Br)cc1,0.31914
COc1ccc(Br)cc1C,0.43022
COc1ccc(Br)cc1OC,0.63838
COc1ccc(Br)c(OC)c1,0.44914
COc1ccc(Br)cc1[N+](=O)[O-],0.57819
COc1ccc(Br)c(C(=O)O)c1,0.46929
COc1ccc(Br)c(C)c1,0.35823
COc1ccc(Br)c([N+](=O)[O-])c1,0.54576
O=C(O)Cc1cccc(Br)c1,0.34983
O=Cc1cccc(Br)c1,0.56343
OCc1cccc(Br)c1,0.3275
N#Cc1c(F)cccc1Cl,0.409
O=Cc1c(F)cccc1Cl,0.31531
OCc1c(F)cccc1Cl,0.24401
Fc1cccc(Br)c1F,0.18622
CC(C)OC(=O)Nc1cccc(Cl)c1,0.54139
CC(=O)Nc1cccc(Br)c1,0.50032
FC(F)(F)Oc1cccc(Br)c1,0.24121
FC(F)Oc1cccc(Br)c1,0.32385
COc1cccc(Br)c1,0.41105
COc1cccc(Br)n1,0.22221
O=[N+]([O-])c1cccc(Br)c1O,0.54491
COc1c(Br)cccc1[N+](=O)[O-],0.4449
O=[N+]([O-])c1cccc(Br)c1OCc1ccccc1,0.66975
Brc1cccc2[nH]ncc12,0.51546
O=c1ccc2cccc(Cl)c2[nH]1,0.69155
O=C(O)c1ccccc1Br,0.29639
COC(=O)c1ccccc1Br,0.35103
FC(F)(F)c1ccccc1Br,0.25028
CC(C)c1ccccc1I,0.36908
CCOC(OCC)c1ccccc1Br,0.3192
O=C(O)C=Cc1ccccc1Cl,0.72014
O=Cc1ccccc1Br,0.36226
CCOC(=O)Cc1ccccc1Cl,0.26439
CC(=O)Nc1ccccc1Cl,0.44265
FC(F)(F)Oc1ccccc1Br,0.24911
COc1ccccc1Br,0.38653
CCOc1ccccc1Br,0.44674
Brc1ccccn1,0.16144
Brc1cccnc1,0.15481
Cc1ncccc1Br,0.19791
Brc1ccncc1,0.15699
Brc1cnc2ccccc2c1,0.78167
COc1cncc(Br)c1,0.34931
Fc1cc(Cl)cnc1F,0.10012
Brc1cncc2ccccc12,0.67152
Cc1ccncc1Br,0.25356
Fc1ccc(Cn2c(Cl)nc3ccccc32)cc1,0.68594
Oc1cccnc1Br,0.36112
Fc1cccnc1Cl,0.11091
CCc1ncnc(Cl)c1F,0.13817
Cc1ccsc1Br,0.19901
Brc1ccc2c3c(cccc13)CC2,0.80801
O=C1c2ccccc2-c2ccc(Br)cc21,1.06725
Brc1ccc2cc3ccccc3cc2c1,1.40092
Brc1ccc2ccc3cccnc3c2n1,1.19357
Brc1ccc2c(c1)sc1ccccc12,1.10478
O=C1C(=O)c2ccc(Br)c3cccc1c23,1.07372
CCn1c2ccccc2c2cc(Br)ccc21,1.14339
Brc1ccc2c(c1)C1(CCCC1)c1ccccc1-2,1.01537
Brc1ccc2c(c1)C1(CCCCC1)c1ccccc1-2,0.80135
CN1c2ccccc2C(=O)c2ccc(Cl)cc2S1(=O)=O,0.72284
Brc1cccc2c1CC=C2,0.42939
O=C1CCc2c(Br)cccc21,0.38277
O=C1Cc2c(Br)cccc2N1,0.47779
CC(C)(C)OC(=O)N1CCc2c(Br)cccc2C1,0.45955
Brc1cccc2cccnc12,0.73853
Brc1cccc2nsnc12,0.5467
Cc1ccc2c(F)c(F)cc(Br)c2n1,0.65796
Brc1[nH]nc2cnccc12,0.41019
O=C1Cc2cc(F)c(Cl)cc2N1,0.51415
Ic1c[nH]c2ccncc12,0.51641
CC(C)(C)OC(=O)n1cc(I)c2cnccc21,0.67033
CC(C)(C)OC(=O)n1cc(I)c2ccncc21,0.57108
COc1ccc2c(c1)c(I)cn2C(=O)OC(C)(C)C,0.85101
CCOC(=O)c1ccc2ncc(Br)n2c1,0.61905
COc1ccc2nc(Br)sc2c1,0.63312
Fc1ccc2[nH]nc(I)c2c1,0.44903
Brc1cncc2[nH]ccc12,0.53437
COc1cc2[nH]ncc2cc1Br,0.62283
COc1cc2ccccc2cc1Br,0.87876
O=C1CCc2cccc(Br)c21,0.45101
O=C1Nc2cccc(Br)c2C1=O,0.60881
Fc1nc(Cl)c2[nH]cnc2n1,0.34742
COc1c(Br)ccc2ccccc12,1.0071
Brc1cccc2c1OCC2,0.40372
FC1(F)Oc2cccc(Br)c2O1,0.32353
Cc1cc(Br)c2occc2c1,0.52449
Brc1cccn2ccnc12,0.54292
Brc1cccn2ncnc12,0.44962
COC(=O)c1ccc2c(c1)c(I)nn2C,0.65049
Brc1cnc2nccn2c1,0.58215
Brc1cnc2ccnn2c1,0.53557
Brc1cc2cc[nH]c2cn1,0.51878
Brc1cc2ccccc2cn1,0.7995
O=C1Cc2cccc(Br)c2N1,0.49216
O=C1Nc2c(Br)cccc2C1=O,0.52455
O=C(O)c1cc2cccc(Br)c2s1,0.66123
O=C(Nc1nc2cccc(Br)n2n1)C1CC1,0.67951
Brc1csc2ccccc12,0.51739
Brc1nc2ccccc2[nH]1,0.58342
Brc1cc2ccccc2s1,0.64162
Brc1cnc2[nH]ccc2n1,0.59956
Brc1coc2ccccc12,0.39741
Brc1cccc2nccn12,0.52377
Brc1cn2ccnc2cn1,0.58299
Brc1cnc2cccnn12,0.47385
Brc1ncnc2[nH]cnc12,0.41481
O=c1[nH]c2cccc(Br)c2c(=O)o1,0.61184
Brc1cccc2ccncc12,0.71708
Brc1cccc2[nH]ccc12,0.61759
Brc1cccc2cnccc12,0.61996
Brc1cccc2ncccc12,0.6525
Cn1ccc2c(Br)ccnc21,0.58973
Cn1ncc2c(Br)cccc21,0.58259
Oc1ccc(Br)c2ccccc12,0.70772
COc1cc2nccc(Br)c2cc1OC,0.89887
COC(=O)c1cc2c(Br)cccc2s1,0.78854
CC(C)(C)OC(=O)n1ccc2c(Br)cccc21,0.61525
Clc1cccc2[nH]ncc12,0.54326
COc1cc2nccc(Cl)c2cc1C(N)=O,1.08032
Fc1ccc2nccc(Cl)c2c1,0.71586
Fc1cccc2c(Cl)cc(C(F)(F)F)nc12,0.70791
CC(C)(C)OC(=O)N1CCCc2ccc(Cl)nc21,0.43562
Brc1ccc2ccnn2c1,0.33807
Brc1ccc2nccn2c1,0.54188
Brc1ccc2ncnn2c1,0.28841
Brc1ccc2nncn2c1,0.42543
Cc1nnc2ccc(Br)cn12,0.61144
O=C(O)c1cn2cc(Br)ccc2n1,0.76846
Brc1cnc2cc[nH]c2c1,0.57826
Brc1cnc2[nH]ncc2c1,0.51201
Brc1cnc2c[nH]nc2c1,0.57221
Brc1cnc2[nH]cnc2c1,0.38773
Brc1cnc2c(c1)CCN2,0.38545
Brc1cccc2c[nH]nc12,0.51272
CC(C)(C)OC(=O)n1ncc2cc(Br)cnc21,0.61367
Cn1ccc2cccc(Br)c21,0.56104
O=c1[nH]c(=O)c2cccc(Br)c2[nH]1,0.57091
Brc1c[nH]c2ncccc12,0.31369
O=c1[nH]cc(Br)c2ccccc12,0.59671
Brc1c[nH]c2ncncc12,0.43982
Brc1ccc2ccc3cccc4ccc1c2c34,1.61162
CC(C)(C)OC(=O)n1cc(Br)c2ccccc21,0.61387
Brc1ccc2c3c(cccc13)-c1ccccc1-2,1.42724
Brc1ccc2[nH]c3c4ccccc4ccc3c2c1,1.66312
Brc1ccc2c(c1)-c1cc3ccccc3cc1C2,1.53028
CC1(C)c2ccc(Br)cc2-c2cc3ccccc3cc21,1.66125
CN1CC2=C(C1=O)c1cc(Cl)ccc1Oc1ccccc12,0.96421
CN1CCC(=C2c3ccc(Cl)cc3CCc3cccnc32)CC1,0.65916
Brc1ccc2c(c1)C1(c3ccccc3O2)c2ccccc2-c2ccccc21,1.76068
Oc1ccc(OC(F)(F)F)c(Cl)c1,0.37127
O=Cc1cc(Br)c[nH]1,0.4327
Cn1cc(Br)ccc1=O,0.39415
CC(C)[Si](C(C)C)(C(C)C)n1ccc(Br)c1,0.13075
FC(F)(F)c1ncccc1Br,0.23362
COc1ncc(Br)c(C)c1[N+](=O)[O-],0.4705
N#Cc1cnc(Br)cn1,0.36253
COc1ncccc1Br,0.25927
CCCCc1ccsc1Br,0.1638
Brc1ccccc1-n1c2ccccc2c2ccccc21,1.4572
Brc1nnc(-c2ccccc2)s1,0.61228
COc1ccc(Cl)c(NC(C)=O)c1,0.5158
O=C(O)c1cc(F)cnc1Cl,0.21534
COC(=O)c1cc(F)cnc1Cl,0.26973
N#Cc1cc(Cl)c(F)cc1F,0.46684
O=[N+]([O-])c1cc(F)c(Cl)cc1O,0.57818
Brc1ccc(-c2ccccc2)s1,0.69338
NS(=O)(=O)c1ccc(Br)s1,0.26161
Cc1cc(C(=O)O)cc(C)c1Br,0.55172
Cc1cc(C#N)cc(C)c1Br,0.60239
CC(C)c1cccc(C(C)C)c1Br,0.39046
CC(C)(C)c1cc(C(C)(C)C)c(Br)c(C(C)(C)C)c1,0.54464
OCc1csc(Br)n1,0.14499
Brc1nc(-c2ccccc2)cs1,0.72264
N#Cc1cc(F)c(Br)c(F)c1,0.47399
Oc1cc(F)c(Br)c(F)c1,0.33226
COc1cc(F)c(Br)c(F)c1,0.39517
O=C(O)c1cc(F)c(Br)c(F)c1,0.46084
COc1ccc(Br)c(C#N)c1,0.567
N#Cc1cc(O)ccc1Br,0.53279
CC(C)(C)n1cc(Br)cn1,0.0701
N#Cc1ccc(OC(F)(F)F)cc1Br,0.53101
Brc1cnn(-c2ccccc2)c1,0.49366
Brc1cnn(C(c2ccccc2)(c2ccccc2)c2ccccc2)c1,0.95256
Brc1cncnc1,0.18008
Cc1ncc(Br)cn1,0.18112
COc1ncc(Br)cn1,0.27586
Brc1cnc(-n2cccn2)nc1,0.62534
CSc1ncc(Br)cn1,0.34747
FC(F)(F)c1ncc(Br)cn1,0.174
Brc1cnc(N2CCCCC2)nc1,0.36195
O=c1cnc(Br)c[nH]1,0.34407
Cn1nccc1Br,0.11923
O=c1[nH]cc(I)cc1[N+](=O)[O-],0.59738
O=c1[nH]cc([N+](=O)[O-])cc1I,0.84385
Cc1c(F)ccc(C#N)c1Cl,0.54236
O=c1[nH]c(=O)n([C@@H]2O[C@H](CO)[C@@H](O)[C@H]2O)cc1I,0.29897
Fc1ccc(I)c(F)n1,0.23279
COc1cccc([N+](=O)[O-])c1Br,0.41674
COc1nc(C)c(Br)c(C)c1C#N,0.55369
Cc1cccc(C#N)c1Br,0.48041
Cc1cscc1Br,0.15774
Brc1ccccc1C1OCCO1,0.3282
Brc1c[nH]cn1,0.04774
Cn1ncnc1Br,0.04232
Cc1ncsc1Br,0.1235
Cc1[nH]cnc1Br,0.10755
O=C(O)C1(c2ccccc2Cl)CC1,0.37206
COC(=O)c1cccc(F)c1I,0.36317
O=c1[nH]c(Cl)ncc1F,0.26178
CC(C)(C)NSc1nc2ccccc2s1,0.679
c1ccc2sc(SNC3CCCCC3)nc2c1,0.75769
O=C1NC(=O)c2c1cccc2[N+](=O)[O-],0.71877
O=C1NS(=O)(=O)c2ccccc21,0.42255
C=CC(=O)NC(C)(C)C,0.22289
O=C1Nc2cccc3cccc1c23,0.89193
Cn1[nH]nnc1=S,0.25058
O=C1NC(c2ccccc2)CO1,0.17957
O=C1NC(Cc2ccccc2)CO1,0.16445
Cc1ccc([N+](=O)[O-])cc1Nc1nccc(-c2cccnc2)n1,1.4029
COc1ccc(C2Sc3ccccc3NC(=O)C2O)cc1,1.06357
O=C(Nc1cccc2ccccc12)c1cc2ccccc2cc1O,1.32899
O=CNc1ccccc1,0.40838
COc1ccc(NC(=O)CC(C)=O)cc1,0.52294
C1CCC(N=C(NC2CCCCC2)N2CCOCC2)CC1,0.28654
CCCCNc1ccc(C(=O)OCC)cc1,0.70636
C(=Nc1ccccc1)Nc1ccccc1,1.01049
CC(C)(C)NC(=O)c1ccc([N+](=O)[O-])cc1,0.51598
CCOC(=O)c1[nH]c(C)c(C(=O)OCC)c1C,0.52709
CCCCC1=NC(=O)C2(CCCC2)N1,0.13247
CC(=O)NC1CCC(O)CC1,0.03636
COC(=O)N=C(NC(=O)OC)SC,0.33994
Oc1[nH]c(O)c2c1C1CCC2C1,0.10803
c1ccc(-c2nc(-c3ccccc3)c(-c3ccccc3)[nH]2)cc1,1.40359
CC1(C)Oc2cccnc2NC1=O,0.46294
c1ccc(Nc2ccc3c(c2)C(c2ccccc2)(c2ccccc2)c2ccccc2-3)cc1,1.91793
O=C1CCCc2[nH]ccc21,0.3274
O=C1NC(=O)c2cnccc21,0.45947
CC1(C)OC2C(O)CC(NC(=O)OCc3ccccc3)C2O1,0.12179
CCOC(=O)c1cnc(SC)nc1NC1CCCC1,0.60976
NC(=NO)c1ccccc1,0.33751
CCNS(=O)(=O)c1ccccc1[N+](=O)[O-],0.35743
CC(C)=NNS(=O)(=O)c1ccccc1[N+](=O)[O-],0.47717
CC(=O)Nc1ccn(C2CC(O)C(CO)O2)c(=O)n1,0.446
CC(Nc1ccc([N+](=O)[O-])cn1)c1ccccc1,0.76006
Nc1nccnc1N1CCOCC1,0.39681
Cc1ccc(S(=O)(=O)NC2CC2)cc1,0.33851
CCc1c(C)[nH]c2c1C(=O)C(CN1CCOCC1)CC2,0.44176
CC(=O)Nc1ccc2c(c1)CCC2=O,0.52742
CC(=NNS(=O)(=O)c1ccc(C)cc1)c1ccccc1,0.82278
NN=C1c2ccccc2-c2ccccc21,1.10913
CC1(c2ccc(Oc3ccccc3)cc2)OC(=O)N(Nc2ccccc2)C1=O,0.9904
Cc1ccnc2c1NC(=O)c1cccnc1N2C1CC1,0.88688
CC1(C)CONC1=O,0.07714
c1nc2c([nH]1)CCCC2,0.05787
CC(C)(C)OC(=O)Nc1ccco1,0.14184
CNC1CCCc2ccccc21,0.16919
Cc1ccc(S(=O)(=O)NN=Cc2ccccc2)cc1,0.93267
CNc1nc(SC)ncc1C=O,0.69091
CCOC(=O)c1nc(NC(=O)OC(C)(C)C)cn1C,0.45761
CC1(C)OC2C(CO)OC(n3cnc4c(NC(=O)c5ccccc5)ncnc43)C2O1,0.61589
CC(C)(C)c1ccc(Nc2csc3ccccc23)cc1,0.90761
CC(=O)Nc1ccn(C2OC3CO[Si](C(C)C)(C(C)C)O[Si](C(C)C)(C(C)C)OC3C2O)c(=O)n1,0.5232
C=CCONS(=O)(=O)c1ccccc1[N+](=O)[O-],0.39108
CCOC(=O)c1ccc(NC2CCCCC2)c([N+](=O)[O-])c1,0.76433
c1ccc(CNc2ccc3ccccc3c2)cc1,1.09021
CCOc1cc(C(CS(C)(=O)=O)N2C(=O)c3cccc(NC(C)=O)c3C2=O)ccc1OC,1.36635
CS(=O)(=O)NC(=O)CCl,0.08984
CNc1ncnc2c1ncn2C1OC(CO)C(O)C1O,0.48965
CCOC(=O)c1cnc(SC)nc1NCc1ccc(OC)cc1,0.91477
N#Cc1cccnc1NCc1cccnc1,0.61104
CC(C)(C)OC(=O)Nc1ccon1,0.22243
N#Cc1ccc(NCC(=O)O)cc1,0.67519
CC(C)C(C(=O)O)N1CCCNC1=O,0.03037
CCOC(=O)CCNc1ccccn1,0.31718
O=C1Nc2ccccc2Sc2ccccc21,0.87052
N=C(OCc1ccccc1)C(Cl)(Cl)Cl,0.16087
Cc1cc(C#N)c(Nc2ccccc2[N+](=O)[O-])s1,0.95675
O=C1NC(=O)c2cccc3cccc1c23,0.70802
CCCCCOC(=O)Nc1nc(=O)n(C2OC(C)C(OC(C)=O)C2OC(C)=O)cc1F,0.55738
Cc1ccc([N+](=O)[O-])c(N)c1C,0.54424
CC(C)(C)c1ccc(Nc2ccc(C(C)(C)C)cc2)cc1,0.96887
COc1ccc2c(c1)C(=O)C(=O)N2,0.3814
CC(=O)Nc1cccc(C(C)=O)c1,0.60769
COc1cc2c(cc1OC)CC(=O)NC=C2,0.75581
Cc1cccnc1NC(=O)OC(C)(C)C,0.26516
Nc1cccnn1,0.26752
O=C1CCC(NC(=O)OCc2ccccc2)CC1,0.19361
O=C1NCCC1O,0.04174
Cc1ccc(S(=O)(=O)OCCNc2cc(=O)n(C)c(=O)n2C)cc1,0.7195
CC(C)(C)OC(=O)Nn1cccc1,0.11141
Brc1cccc2sccc12,0.5796
O=C(O)CNC(=O)c1ccc([N+](=O)[O-])cc1,0.52273
COC1(NC(=O)CSCC#N)C(=O)N2C(C(=O)O)=C(CSc3nnnn3C)CSC21,0.56471
O=C(O)c1ccccc1Nc1cccc(C(F)(F)F)c1,0.99828
O=C(NC1(C(=O)O)CC1)OCc1ccccc1,0.1596
O=C(NC1(C(=O)O)CCCC1)OCc1ccccc1,0.12127
O=C(NC1(C(=O)O)CCCC1)OCC1c2ccccc2-c2ccccc21,0.79235
CC(=O)OCC1=C(C(=O)O)N2C(=O)C(NC(=O)Cc3cccs3)C2SC1,0.5009
CCCS(=O)(=O)Nc1ccc(F)c(C(=O)O)c1F,0.32673
CC(C)(C)OC(=O)Nc1ccsc1C(=O)O,0.48683
CCOC(=O)C(CCc1ccccc1)NC1CCc2ccccc2N(CC(=O)O)C1=O,0.55091
CCc1cccc2c3c([nH]c12)C(CC)(CC(=O)O)OCC3,0.62167
O=C(O)c1ccccc1C(=O)Nc1cccc2ccccc12,1.21601
CC(C)(C)OC(=O)N1CCc2c(C(=O)O)n[nH]c2C1,0.21483
Cn1cc(NC(=O)OC(C)(C)C)cc1C(=O)O,0.51773
O=C(O)CNc1ccccc1C(=O)O,0.49793
CN(C)NC(=O)CCC(=O)O,0.04733
Cc1ccc2c(c1Br)C(=O)C(=O)N2,0.5665
O=C1C(Cl)=CCCN1c1ccc([N+](=O)[O-])cc1,0.66418
O=C1Nc2cccc(Cl)c2C1=O,0.58147
O=C(O)CCN1C(=O)COc2ccc(Cl)cc21,0.62027
Cc1cc([N+](=O)[O-])ccc1C(=O)N1CCCC(=O)c2cc(Cl)ccc21,0.98069
CCOC(=O)N1CCC(=C2c3ccc(Cl)cc3CCc3cccnc32)CC1,0.9058
Clc1ccc2c(c1)CCc1cccnc1C2=C1CCNCC1,0.74211
Clc1nc(-c2ccccc2)nc(-c2ccccc2)n1,1.16138
Clc1nc(-c2ccccc2)nc(-c2cccc3c2oc2ccccc23)n1,1.88197
Brc1ccc2c(c1)[nH]c1ccccc12,1.16454
Brc1cccc2c1[nH]c1ccccc12,0.92854
CCCCCCn1c2ccccc2c2ccc(Br)cc21,1.07069
Clc1ccc2c(c1)[nH]c1ccccc12,1.06634
CC(C(=O)O)c1ccc2c(c1)[nH]c1ccc(Cl)cc12,1.14049
CC(C)Cn1cnc2c(Cl)nc3ccccc3c21,0.85454
CN1C(=O)c2cccc3c(Br)ccc(c23)C1=O,0.83302
Brc1ccc2[nH]c3c(c2c1)CCCC3,0.65732
CC(=O)N1c2ccccc2CCc2ccc(Cl)cc21,0.73588
COC(=O)c1cc(Br)cc2[nH]ccc12,0.63524
Brc1nc2ccccc2s1,0.5603
Clc1cnc2[nH]ccc2c1,0.55367
O=[N+]([O-])c1cc2c[nH]nc2cc1Cl,0.686
S=c1[nH]c2cccc(Cl)c2s1,0.73373
Clc1nc2ccccc2[nH]1,0.45297
Fc1ccc2nc(Cl)sc2c1,0.53847
O=c1[nH]cnc2cc(Cl)c([N+](=O)[O-])cc12,0.81427
CCOC(=O)c1cn(C2CC2)c2nc(Cl)c(F)cc2c1=O,0.94801
O=c1cccc(Br)[nH]1,0.28668
COc1cc(Br)ccn1,0.34319
O=[N+]([O-])c1cccnc1Br,0.38491
Cc1cnc(Br)c(C)c1,0.3103
Clc1ccncc1,0.15083
O=[N+]([O-])c1cc[n+]([O-])c(Br)c1,0.76456
Cc1cc(C)c(C#N)c(Cl)n1,0.40614
Cc1cc(C(=O)O)cc(Cl)n1,0.28689
Ic1ccccn1,0.23059
Cc1cccc(I)n1,0.29405
Cc1cccnc1I,0.36228
Brc1cnccn1,0.19843
Clc1cnc(-c2ccccc2)c(-c2ccccc2)n1,0.99496
Cc1cnc(C)c(Cl)n1,0.251
Brc1cn[nH]c1,0.03663
Cn1ccc(Br)n1,0.08968
Cc1nn(C)c(C)c1Br,0.10808
CCOC(=O)c1c[nH]nc1Br,0.20765
COC(=O)c1cc(Br)[nH]n1,0.22587
O=[N+]([O-])c1c[nH]c(Br)n1,0.5313
COC(=O)c1n[nH]c(Br)n1,0.17337
Brc1ncc[nH]1,0.10675
Clc1cn[nH]c1,0.04003
Cc1nn(C)c(Cl)c1C=O,0.36498
O=[N+]([O-])c1c[nH]c(Cl)n1,0.50693
Cc1ccc(-c2c(Cl)nc(C#N)n2S(=O)(=O)N(C)C)cc1,0.65001
CCOC(=O)c1coc(Cl)n1,0.14139
Brc1cscn1,0.10203
CC(C)(C)NS(=O)(=O)c1ccc(Cl)s1,0.23995
Clc1nccs1,0.14625
CCOC(=O)c1sc(Cl)nc1C,0.23527
Cc1csc(Cl)n1,0.11189
O=c1ccc(Br)n[nH]1,0.24913
CCC(C)n1c(=O)[nH]c(C)c(Br)c1=O,0.3131
COc1ccc(Br)nn1,0.2749
O=c1[nH]c(=O)n([C@@H]2O[C@H](CO)[C@@H](O)[C@H]2O)cc1Br,0.37387
COc1ncnc(C2CC2)c1Br,0.341
CSc1ncc(Cl)c(C(=O)O)n1,0.37979
Cc1ccnc(Br)n1,0.15356
ClC(c1ccccc1)(c1ccccc1)c1ccccc1,0.7764
BrCCc1ccccc1,0.19757
ClCc1ccccc1Cl,0.34437
Fc1ccc(CCl)cc1,0.20001
N#Cc1ccccc1CCl,0.43574
O=C(CBr)c1ccc(O)cc1,0.51237
BrCCOCc1ccccc1,0.17484
Fc1cc(F)c(CBr)cc1F,0.26947
ClCc1ccc(Cl)nc1,0.23855
Cc1ccccc1CCl,0.32163
ClCCc1ccccc1,0.16452
O=C(CCl)c1ccc(Cl)cc1Cl,0.38526
O=C(CBr)OCc1ccccc1,0.17368
BrCCOc1ccccc1,0.23611
O=c1cc(CBr)c2ccccc2[nH]1,0.54528
CC(C)(CCl)c1ccccc1,0.16742
ClCc1cccc2ccccc12,0.76602
Fc1ccccc1CCl,0.22045
Cc1cccc(CCl)c1,0.33316
ClCCCc1ccccc1,0.1598
COc1ccnc(CCl)c1OC,0.43054
COC(=O)CCBr,0.00409
ClCCOc1ccccc1,0.25718
ClCc1c(Cl)cccc1Cl,0.39951
O=[N+]([O-])c1ccc(CCBr)cc1,0.43053
Cc1oc(=O)oc1CCl,0.19848
Fc1ccccc1CBr,0.32093
ClCc1ccccn1,0.13008
O=C(CBr)Oc1ccccc1,0.15552
O[C@H](CCl)c1ccc(Cl)cc1Cl,0.49647
O=C(CBr)c1ccc([N+](=O)[O-])cc1,0.50348
N#Cc1ccc(CBr)cc1,0.53513
N#C[C@@H]1CCCN1C(=O)CCl,0.08828
Fc1cccc(CBr)c1,0.29082
BrCc1ccc(-c2ccccc2-c2nnnn2C(c2ccccc2)(c2ccccc2)c2ccccc2)cc1,1.8728
CC(Br)C(=O)c1cccc(Cl)c1,0.37193
O=C1c2ccccc2C(=O)N1CCBr,0.51086
CN(C)C(=O)CCl,0.09917
O=[N+]([O-])c1ccccc1CBr,0.48024
O=C(O)C(F)(F)Br,0.02372
COCCCOc1ccnc(CCl)c1C,0.44327
O=C(CCl)c1ccc(F)cc1F,0.34058
Cc1cccc(C)c1NC(=O)CCl,0.39467
COc1cccc(CCl)c1,0.4285
BrCCCc1ccccc1,0.20155
FC(F)(F)c1ccccc1CBr,0.291
O=C(CCl)c1ccc(F)cc1,0.32625
COc1ccc(C(=O)CBr)cc1,0.46754
Fc1cc(Br)ccc1CBr,0.43918
O=C(CBr)c1ccc(OCc2ccccc2)c([N+](=O)[O-])c1,0.82117
O=C(CCl)OCc1ccccc1,0.15421
BrCc1cccc2ccccc12,0.78766
O=C(CBr)c1ccccc1Cl,0.29192
O=C(CBr)c1ccc(-c2ccccc2)cc1,1.01307
O=C1c2ccccc2C(=O)N1CCCCl,0.55129
Clc1ccccc1CBr,0.43252
O=C(CBr)c1ccc(OC(F)(F)F)cc1,0.34098
O=C(NCCBr)OCc1ccccc1,0.1596
Fc1cccc(Cl)c1CCl,0.35775
Fc1cccc(F)c1CCl,0.21827
COC(=O)c1ccc(CCl)o1,0.32743
COC(=O)C=CCBr,0.21884
O=C1c2ccccc2C(=O)N1CCCBr,0.61777
C=C(C)CBr,0.07608
C=Cc1ccc(CCl)cc1,0.53308
Fc1ccc(CBr)c(F)c1,0.29077
O=C(CBr)c1ccc(F)cc1F,0.32428
Clc1cccc(Cl)c1CBr,0.51653
Cc1ccc(C(=O)CBr)cc1,0.42347
O=C(O)C(Br)c1ccccc1,0.26596
ClCC1=NCCN1,0.05066
ClCc1ccc2ccccc2n1,0.82855
Cc1ccc(CBr)cc1,0.43247
ClCc1nc2ccccc2[nH]1,0.40405
Fc1cccc(F)c1CBr,0.29936
COc1ccc(OC)c(C(=O)CBr)c1,0.47746
CC(Br)C(=O)c1ccc(OCc2ccccc2)cc1,0.7552
Fc1ccc(CBr)c(Br)c1,0.4519
COc1ccnc(CCl)c1C,0.41828
C[Si](C)(C)C#CCBr,0.05412
CC(C)(C)OC(=O)N1CCC(I)CC1,0.16695
O=C(CBr)c1ccc(C(F)(F)F)cc1,0.31761
BrCc1ccccc1I,0.54473
FC(F)(F)c1cc(CCl)cc(C(F)(F)F)c1,0.23054
CC(C)(C)OC(=O)c1ccc(CCl)cc1,0.47132
FC(F)(F)C(F)(F)CCI,0.03412
O=C(CCCl)Oc1ccccc1,0.1283
O=c1cc(CCl)[nH]c(=O)[nH]1,0.22599
Cc1noc(C)c1CCl,0.11002
N#Cc1ccc(C(=O)CBr)cc1,0.42917
CC(C)(C)OC(=O)c1ccc(CBr)cc1,0.50796
O=Cc1cc(C(=O)CBr)ccc1O,0.93962
Clc1ccc(CCBr)cc1,0.33236
O=C(CBr)c1ccccc1F,0.3169
O=C(CBr)C1CC1,0.06465
O=C(CBr)c1ccc(Cl)c(Cl)c1,0.43601
FC(F)(F)c1cccc(CCl)c1,0.17736
FC(F)(F)c1ccccc1CCl,0.2492
COC(CCBr)OC,0.03493
O=[N+]([O-])c1cccc(CBr)c1,0.4517
COc1ccccc1C(=O)CBr,0.44738
COC(=O)c1ccccc1CBr,0.37868
COC(=O)c1ccc(Br)cc1CBr,0.35267
FC(F)(F)Oc1ccccc1CBr,0.29756
Fc1cc(F)cc(CCl)c1,0.14869
O=C(CBr)c1cccc(Br)c1,0.24691
O=C(CBr)c1ccccc1[N+](=O)[O-],0.2176
O=C(CCCl)c1ccc(Cl)cc1,0.43011
O=C(CBr)c1ccc2ccccc2c1,0.91198
O=C(CCl)c1ccc(O)cc1,0.45623
CN(CCCl)c1ccc(C=O)cc1,0.81813
O=C(CCl)Nc1ccc([N+](=O)[O-])cc1C(=O)c1ccccc1Cl,1.16482
CC(Br)C(=O)c1ccc(Br)cc1,0.34581
O=C(CCl)c1ccc2[nH]c(O)cc2c1,0.65903
Cc1cccc(C)c1CCl,0.35563
COc1ccc(C(=O)CBr)cc1OC,0.64774
CS(=O)(=O)c1ccc(C(=O)CBr)cc1,0.43206
ClCCSc1ccccc1,0.35322
O=C1CCC(Br)C(=O)N1,0.15623
COC(=O)c1ccc(CBr)c(OC)c1,0.6579
Oc1ccc(CCBr)cc1,0.48229
Cc1cccc(C)c1CBr,0.41498
O=C1c2ccccc2C(=O)N1CCCl,0.37402
O=C(CCl)c1ccc(-c2ccccc2)cc1,0.92669
O=C(CCl)c1ccc(Cl)c(Cl)c1,0.58667
BrCCSc1ccccc1,0.29332
CCOC(=O)C(Cl)c1ccccc1,0.25977
ClCc1ncccn1,0.1311
BrCCc1ccc2c(c1)CCO2,0.50191
ClCc1c(-c2c(Cl)cccc2Cl)noc1C1CC1,0.68992
COc1ccc(C(=O)CCCl)cc1,0.56079
FC(F)(F)c1ccc(CBr)o1,0.1808
COc1ccc(C(=O)CCl)cc1,0.50238
Cn1nc(C(F)(F)F)c(CCl)c1OC(F)F,0.11743
ICCc1ccccc1,0.31634
CC1(C)OB(c2ccccc2CBr)OC1(C)C,0.48474
O=c1[nH]c(CCl)c(Cl)c(=O)[nH]1,0.38788
O=[N+]([O-])c1ccc(OCCCl)cc1,0.55007
COc1ccc(CCBr)cc1,0.44499
CC(C)=CCCBr,0.08903
ClCc1cccnc1Cl,0.24248
COC(=O)[C@H](CI)NC(=O)OCC1c2ccccc2-c2ccccc21,0.83246
O=C(O)c1ccc(CCBr)cc1,0.51614
Cc1nc(CCl)cs1,0.17962
BrCc1ccc2ccccc2n1,0.93689
COc1ccc(CCCBr)cc1OC,0.54233
O=C1COc2ccc(C(=O)CCl)cc2N1,0.89017
O=C(O)C(Br)Cc1ccccc1,0.23414
BrCc1cccc2cccnc12,0.75879
COC(=O)c1cccc(CCl)n1,0.38834
O=c1[nH]c2ccccc2nc1CBr,0.77689
Cc1cc(CCl)n(C)n1,0.12375
O=C(CBr)c1cccs1,0.3236
Cc1nnc(CCl)o1,0.06254
N#Cc1ccc(CCBr)cc1,0.39686
COC(=O)c1coc(CCl)n1,0.13716
ClCc1ccc(Cl)s1,0.15864
COC(=O)c1ccc(CBr)nc1,0.32979
BrCc1ccsc1Br,0.28709
O=C(OCc1ccccc1)N1CCC(I)CC1,0.2452
ClCc1nc2ccccc2s1,0.46866
FC(F)(F)c1ccc(CCl)cn1,0.11734
CN(Cc1ccccc1)C(=O)CCCl,0.19426
CC(Br)c1cccc(C(F)(F)F)c1,0.25375
ClCc1ccc2ccccc2c1,0.82211
N#Cc1cccc(CCl)n1,0.28816
ICC1CC1,0.1105
COC(=O)c1csc(CCl)n1,0.265
COC(=O)c1ccc2nc(CCl)n(C[C@@H]3CCO3)c2c1,0.81839
ClCc1ncccc1Br,0.24504
Cn1ccc(CCl)n1,0.09236
Clc1ccc2c(n1)CCNC2,0.17785
COc1cc2nc(N3CCN(C(=O)c4ccco4)CC3)nc(N)c2cc1OC,1.38525
NC1c2ccccc2-c2ccccc21,0.67896
COc1cc2c(cc1N)oc1ccccc12,0.54663
Cc1ccc(N)c(C)c1,0.40896
COc1cc2nc(Cl)nc(N)c2cc1OC,1.08835
Clc1ncnc2ccccc12,0.60807
Clc1nc(-c2ccccc2)nc2ccccc12,1.07241
O=C(O)c1ccc2nc(Br)sc2c1,0.75832
Nc1nc(Cl)c2c[nH]nc2n1,0.59305
O=c1[nH]nc(Cl)c2ccccc12,0.64269
N#Cc1c[nH]c2nccc(Cl)c12,0.6186
Clc1ccc2[nH]cnc2n1,0.42749
O=Cc1c[nH]c2nc(Cl)ccc12,0.71301
Cc1ccc2nc(Cl)ccc2c1,0.79141
Nc1ccc(Br)c(N)n1,0.48073
Nc1ncnc(Cl)c1C=O,0.47204
O=C(CBr)On1c(O)ccc1O,0.17662
Cc1cnc(CCl)c(C)c1,0.29079
COc1ncccc1CCl,0.16915
O=C(CCl)On1c(O)ccc1O,0.22156
Cc1oc(=O)oc1CBr,0.13978
ClCc1nc2ccccc2o1,0.33252
COc1ccnc(CCl)c1,0.44453
CC(C)(C)c1cnc(CCl)o1,0.10664
COc1ccc(-c2noc(CCl)n2)cc1,0.72862
Cc1noc(CCl)n1,0.05283
ClCc1cc2ccccc2nc1Cl,0.69516
ClCc1nccs1,0.15813
CCOC(=O)c1cc(CCl)on1,0.12776
O=c1cc(CCl)c2ccc(O)cc2o1,0.90797
O=C(CBr)c1nccs1,0.21872
ClCc1cncs1,0.17926
Clc1cc(CBr)cc(Cl)n1,0.35168
O=C(CBr)c1ccc(Cl)s1,0.41972
N#Cc1ncccc1CBr,0.40802
ClCc1cnc(Cl)nc1Cl,0.36541
BrCc1nc2ccccc2s1,0.61166
BrCc1nc2ccccc2o1,0.44208
ClCc1csc(Cl)n1,0.20888
O=C(CCl)Nc1ccc2c(c1)OCO2,0.4936
O=C(CCl)N1CCC1,0.13858
CC1(C)OB(c2cccc(Cl)c2CBr)OC1(C)C,0.52608
CC1(C)OB(/C=C/CCl)OC1(C)C,0.13622
N#Cc1ccc(CBr)cn1,0.32042
N#Cc1ccc(CBr)nc1,0.46131
CC(C)(C)OC(=O)N1CCN(C(=O)CCl)CC1,0.21501
O=c1[nH]c(CCl)nc2ccsc12,0.52633
ClCc1csc(-c2ccccc2)n1,0.77093
Fc1cccc(CBr)n1,0.18764
O=c1cc(CCl)nc2sccn12,0.43561
ClCc1nn(Cc2ccccc2)c2ccccc12,0.69144
CCCCc1nc(C=O)c(Cl)[nH]1,0.40376
CC(C)c1ccccc1N,0.46409
O=C(O)CCCc1c[nH]c2ccccc12,0.47298
O=C(O)c1ccc[nH]1,0.22438
Fc1ccc2c(C3CCNCC3)noc2c1,0.30803
Fc1cc(Br)ccc1-c1ccccc1,0.71917
Nc1ccc(OCc2ccccc2)cc1,0.57491
NCCc1ccc([N+](=O)[O-])cc1,0.38734
Nc1ccc2ccccc2c1S(=O)(=O)O,1.0023
Nc1ccc(Cl)cc1,0.33268
Nc1nc(=S)ss1,0.55994
Nc1cc(F)ccc1Br,0.33996
Cc1cccc2sc(Cl)nc12,0.49232
Cc1cc(=O)[nH]nc1Cl,0.24234
COc1cn[nH]c(=O)c1Cl,0.44082
NC1CCc2ccccc21,0.22186
O=C1C=C2CNCCC2S1,0.19105
O=c1c2ccccc2nc2n1CCc1c-2[nH]c2ccccc12,1.80363
CCc1cc2c(cc1CC)CC(N)C2,0.40304
NC1CCOc2ccccc21,0.31811
NC1CCc2ccccc2C1,0.24786
c1ccc2c(c1)C1CNCC2C1,0.2
CC12C=CC(=O)NC1CCC1C2CCC2(C)C(C(=O)O)CCC12,0.22489
O=C(O)c1cnc2ccc(Br)cn12,0.76984
O=C(O)COc1ccc(Br)cc1,0.33712
O=c1cc[nH]c2cc(Cl)ccc12,0.72678
O=c1[nH]cnc2ccc(Cl)cc12,0.66137
S=c1[nH]c2cc(Cl)ccc2o1,0.69121
Cc1ccc(/C=C/c2ccc(Br)cc2)cc1,1.17443
Brc1ccc(-n2c3ccccc3c3ccccc32)cc1,1.53371
O=C(O)c1ccc2c(I)[nH]nc2c1,0.74586
O=C(O)Cn1cnc2c(NC(=O)OC(c3ccccc3)c3ccccc3)ncnc21,0.86132
O=C(CCl)c1cccnc1,0.18515
ClCc1cccnc1,0.12736
S=C1CN=C(c2ccccc2)c2cc(Cl)ccc2N1,1.08968
Brc1ccc2c(c1)oc1cc3ccccc3cc12,1.51266
Nc1nc(CCl)cs1,0.12437
Cc1nnc(SCC2=C(C(=O)O)N3C(=O)C(NC(=O)Cn4cnnn4)C3SC2)s1,0.52438
CN1c2ccccc2C(=O)N2CCc3c([nH]c4ccccc34)C21,1.13785
O=C1N=C(c2cccs2)c2c(O)[nH]c(-c3cccs3)c21,1.0182
O=C(O)c1cc(N=Nc2ccc(S(=O)(=O)Nc3ccccn3)cc2)ccc1O,1.94707
OB(O)c1ccc(Br)cc1,0.36331
O=C(NC1CC1)c1ccc(B(O)O)cc1,0.45467
O=c1[nH]cnc2sc(Br)cc12,0.54948
ClCc1ccncc1,0.10927
Brc1cnc2cnccn12,0.5211
O=C(O)C=Cc1ccc(Br)cc1,0.83622
O=C(NN=Cc1ccc([N+](=O)[O-])o1)c1ccc(O)cc1,1.59894
O=C(Nc1ncnc2c1ncn2C1OC(CO)C(O)C1O)c1ccccc1,0.78068
O=S(=O)(O)c1cc(O)c2ccc(Nc3ccccc3)cc2c1,1.39942
O=c1[nH]cnc2[nH]cc(I)c12,0.40944
Nc1nc(N)c2nc(CCl)cnc2n1,0.66231
O=C1c2ccccc2C(=O)N1CC1=c2ccccc2=Cc2ccccc2N1,1.28082
O=C(O)CSc1ccccc1,0.32346
COc1ccc(CC(=O)O)cc1,0.2479
O=C(O)CCCCC1CCSS1,0.04604
COc1c(F)c(F)cc(C(=O)O)c1F,0.33142
O=C(O)C(c1ccccc1)c1ccccc1,0.45834
COc1cc(C(=O)O)cc(OC)c1OC,0.51413
O=C(O)COc1ccc2ccccc2c1,0.84791
O=C(O)c1cc(F)c(F)c(F)c1F,0.21518
O=C(O)c1cc(F)c(F)c(F)c1,0.18471
O=C(O)COc1ccccc1,0.18386
O=C(O)Cc1cccc(F)c1F,0.12276
O=C(O)/C=C/CCCCCCCO,0.1774
O=C(O)CCCC(=O)c1ccccc1,0.35419
O=C(O)c1cccc(Cl)c1F,0.30606
O=C(O)/C=C/c1ccco1,0.52992
COC(=O)c1ccc(C(=O)O)cc1,0.46691
O=C(O)CCCc1ccccc1,0.16519
N#Cc1cccc(C(=O)O)c1,0.31196
Cc1ccc(C=CC(=O)O)cc1,0.7321
Cc1ccc(C(=O)O)s1,0.29664
O=C(O)CCC(=O)c1ccccc1,0.38739
O=C(O)c1ccc(Oc2ccccc2)cc1,0.57687
O=C(O)/C=C/c1ccc(C(F)(F)F)cc1,0.79521
CCOc1ccc2ccccc2c1C(=O)O,0.90827
O=C(O)/C=C/c1ccc2c(c1)OCO2,0.91709
O=C(O)Cn1ccc2ccccc21,0.56652
Cc1ccsc1C(=O)O,0.22409
CC(=O)N1CCC(C(=O)O)CC1,0.11559
Cc1ccc(C)c(OCCCC(C)(C)C(=O)O)c1,0.41461
O=C(O)Cc1ccc2c(c1)OCO2,0.33862
COC(=O)C=CC(=O)O,0.27234
O=C(O)C1CCCCN1C(=O)OCc1ccccc1,0.17741
O=C(O)C(Br)c1ccccc1Cl,0.39544
O=C(O)c1ccc(OCCCCc2ccccc2)cc1,0.62177
O=C(O)c1cccc(CCl)c1,0.51578
O=C(O)c1cc(Cl)c(O)c(Cl)c1,0.67698
O=C(O)CCC(=O)c1ccc(F)cc1,0.37462
O=C(O)C1COc2ccccc2O1,0.40823
O=C(O)c1c(F)cccc1F,0.13376
C[C@@H](C(=O)O)N1C(=O)c2ccccc2C1=O,0.62463
O=C(O)c1ccccc1C(F)(F)F,0.20964
Cc1oncc1C(=O)O,0.15707
Cc1cc(C)c(CC(=O)O)c(C)c1,0.43697
Cc1ccc(C(=O)O)c2ccccc12,0.86796
O=C(O)c1ccc(Cl)cc1F,0.30152
O=C(O)c1cc(F)c(F)cc1F,0.20131
O=C(O)c1ccc(F)c(F)c1,0.22779
O=C(O)CCSc1nc2ccccc2s1,0.66804
Cc1cc(C)c(C(=O)O)c(C)c1,0.41602
O=C(O)c1nccc2ccccc12,0.72811
O=C/C(Br)=C(/Br)C(=O)O,0.24989
O=C(O)Cc1noc2ccccc12,0.30132
CN(C)c1ccc(N=Nc2ccccc2C(=O)O)cc1,1.69258
O=C(O)[C@H]1CC[C@H](c2ccc(Cl)cc2)CC1,0.31246
Cc1ccc(C(=O)O)c(O)c1,0.34485
O=C(O)Cc1ccc(C(=O)O)cc1,0.40523
O=C(O)CCc1ccccc1,0.14626
CC(C)(C)OC(=O)N1CSC[C@H]1C(=O)O,0.08703
O=C(O)c1cccs1,0.20777
Cc1ccc(I)cc1C(=O)O,0.48434
O=C(O)c1ccc2c(c1)C(=O)OC2=O,0.55493
O=C(O)Cc1ccc2c(c1)C(=O)c1ccccc1CO2,0.8659
O=C(O)Cc1ccc2ccccc2c1,0.71692
COc1ccccc1C(=O)O,0.2745
C=C(Cc1ccccc1)C(=O)O,0.28723
COc1cc(C(=O)O)c([N+](=O)[O-])cc1OCc1ccccc1,0.86468
COc1cccc(/C=C/C(=O)O)c1,0.73481
O=C(O)c1ccc([N+](=O)[O-])cc1,0.27421
Cc1ccc(CC(=O)O)cc1,0.12519
O=C(O)/C=C/c1ccccc1,0.59259
O=C(O)c1ccccc1,0.27563
O=C(O)[C@H]1CCCN1C(=O)OCc1ccccc1,0.17613
O=C(O)C(=O)CCc1ccccc1,0.16539
Cc1ccc(-c2ccccc2C(=O)O)cc1,0.75013
O=C(O)c1cc(C(F)(F)F)cc(C(F)(F)F)c1,0.2832
O=C(O)C1CCCN(C(=O)OCc2ccccc2)C1,0.20369
O=C(O)[C@@H]1Cc2ccccc2CN1C(=O)OCc1ccccc1,0.36823
O=C(O)C1(c2ccccc2)CCCC1,0.22198
CC(C)(C)OC(=O)N1CCCC(C(=O)O)C1,0.0739
O=C(O)c1ccccc1-c1ccc(C(F)(F)F)cc1,0.5062
CC(C)(C)OC(=O)N1CCC(C(=O)O)CC1,0.06793
O=C(O)c1cccc2ccccc12,0.86768
O=C(O)c1ccccc1C(=O)c1ccccc1,0.6534
O=C(O)Cc1cccc2ccccc12,0.76557
CC(C)(Oc1ccc(Cl)cc1)C(=O)O,0.34084
O=C(O)c1ccco1,0.21498
COc1cc(/C=C/C(=O)O)cc(OC)c1OC,0.92398
O=C(O)c1cc2ccccc2cc1O,0.97765
O=C(O)c1ccc2ccccc2c1,0.97048
O=C(O)c1ccc2ccccc2n1,0.83491
O=C(O)c1ccc2c(c1)OCO2,0.3954
Cc1ccc(C(C)C(=O)O)cc1,0.28001
CC(Oc1ccccc1)C(=O)O,0.2252
O=C(O)c1ccccc1-c1ccccc1,0.69993
O=C(O)C1CCC(c2ccc(Cl)cc2)CC1,0.29025
COc1ccc(/C=C/C(=O)O)cc1,0.88972
Cc1cccc(C(=O)O)c1,0.3204
O=C(O)c1cccc(O)c1,0.33907
O=C(O)c1cc([N+](=O)[O-])cc([N+](=O)[O-])c1,0.73141
Cc1cccc(C(=O)NN)c1,0.4589
NC(=O)c1ccsc1N,0.35695
Cc1ccc(N)cc1Nc1nccc(-c2cccnc2)n1,1.1221
Nc1ccc(OCc2cccc(F)c2)c(Cl)c1,0.41446
Nc1cccc(Cl)c1F,0.38947
Cc1cccc(C)c1NC(=O)[C@@H]1CCCCN1,0.4059
Nc1ccc(F)c(Cl)c1,0.386
Nc1nnc(Br)s1,0.14853
Nc1nnc(Cl)cc1Br,0.39034
Nc1cccnc1N,0.31963
Nc1c(Br)cc(Br)cc1C=O,0.65074
Sc1nc2ccccc2[nH]1,0.71052
NCCc1c[nH]c2ccccc12,0.48956
CNC(=O)c1ccc(N)cc1,0.68451
NNC(=O)c1ccccc1,0.36892
Cc1ccnc(N)c1,0.27597
CCCCCCCC(=O)NN,0.03895
NC(=O)[C@@H](N)c1ccccc1,0.14148
Nc1ccc(Cl)cc1C(=O)c1ccccc1,0.69759
Nc1nc2ccccc2[nH]1,0.54475
O=C(OCc1ccccc1)[C@@H]1Cc2ccccc2CN1,0.29822
N#Cc1cc(Cl)c(N)c(Cl)c1,0.65172
Nc1nccs1,0.12762
CC(C)(C)OC(=O)NC(Cc1c[nH]c2ccccc12)C(=O)O,0.5645
O=c1[nH]c2ccccc2s1,0.41267
Nc1nc2ccc(Cl)cc2s1,0.61801
Nc1c(Cl)cc(Cl)cc1C(=O)O,0.43905
O=C(O)Cc1ccccc1Nc1c(Cl)cccc1Cl,0.73903
COc1ccc(C(C)=O)cc1,0.5229
CC(=O)NC(Cc1c[nH]c2ccccc12)C(=O)O,0.62909
O=C(O)c1ccc[nH]c1=S,0.48081
CC(C)(C)OC(=O)N1CCC(=O)C1,0.03022
CCCC(=O)c1ccc(O)cc1,0.53547
O=C1CCSC1,0.01991
CC(=O)c1ccc([N+](=O)[O-])cc1,0.5281
CC(=O)c1ccc(S(C)(=O)=O)cc1,0.49563
CCOC(=O)CC(=O)CC(=O)OCC,0.02853
O=C1CCC(c2ccc(O)cc2)CC1,0.2665
CC(C)(O)C(=O)c1ccc(OCCO)cc1,0.5309
COc1ccc2c(c1)CCCC2=O,0.53517
O=C1CCSCC1,0.02887
CSc1ccc(C(C)=O)cc1,0.59656
Nc1ccc([N+](=O)[O-])cc1C(=O)c1ccccc1Cl,0.9841
COc1cc2c(cc1OC)C(=O)CC2,0.56793
CC(=O)c1ccc(N(C)C)cc1,0.80033
C=CC(=O)Oc1ccc(C(=O)c2ccccc2)cc1,0.46956
CC(=O)c1cnccn1,0.20086
O=C(c1ccccc1)c1ccc(-c2ccccc2)cc1,0.80342
CC(=O)c1nccs1,0.16836
CC(=O)CCc1ccccc1,0.14043
COC(OC)(C(=O)c1ccccc1)c1ccccc1,0.40581
CC(=O)c1ccc(Cl)c(Cl)c1,0.34884
CCC(=O)c1ccc2cc(OC)ccc2c1,1.0431
Cn1c2c(c3ccccc31)C(=O)CCC2,0.68481
CCCC(=O)CCc1ccccc1,0.12689
CC(=O)c1cc(C(F)(F)F)cc(C(F)(F)F)c1,0.29731
CC(=O)c1ccc2c(c1)OCO2,0.53277
CC(=O)c1cccc(C(F)(F)F)c1,0.26492
O=C(c1ccc(F)cc1)c1ccc(F)cc1,0.42666
COC(=O)c1ccc(C(C)=O)cc1,0.33567
CC(=O)c1cccnc1,0.24841
O=C(c1ccc[nH]1)C(Cl)(Cl)Cl,0.40264
CC(=O)c1ccc(F)cc1F,0.23997
Cc1oc(C)c(O)c1O,0.17798
CCC(=O)c1cccc(OC)c1,0.33097
COc1ccc2cc(C(C)=O)ccc2c1,0.86748
O=C1CN(C(c2ccccc2)c2ccccc2)C1,0.26821
CC(=O)c1cccc(F)c1,0.23506
O=C1CCC(c2ccccc2)CC1,0.17527
O=C1c2ccccc2-c2ccccc21,0.71805
CN1C2CCC1CC(=O)C2,0.00994
CC(=O)c1cc(O)ccc1O,0.37103
O=C(c1ccccc1)c1ccccc1Cl,0.58759
O=C(CCl)c1ccc(F)c(F)c1,0.31949
CCC(=O)c1ccc(C)cc1,0.48109
O=C(CCl)c1ccccc1,0.38962
CN(C)C=CC(=O)c1cccnc1,0.75287
COc1cccc(C(C)=O)c1,0.40224
CC(=O)c1cccc(C#N)c1,0.46463
O=C1Cc2ccccc2C1,0.14069
CCC(=O)c1ccc(Cl)cc1,0.3905
CC(=O)c1c(O)cccc1O,0.48003
CCC(=O)c1ccc(O)cc1,0.52281
CC(=O)c1ccc(C(F)(F)F)cc1,0.29819
CC(=O)c1cc(F)c(Cl)cc1Cl,0.42224
O=C(c1ccccc1)C1CCCCC1,0.35943
CC(=O)Oc1ccccc1C(C)=O,0.39657
CSc1ccc(C(=O)C(C)(C)N2CCOCC2)cc1,0.65542
CC(C)(O)C(=O)c1ccccc1,0.30509
CC1=CC(=O)CC(C)(C)C1,0.1853
CC(C)(C)OC(=O)N1CCC(=O)CC1,0.05663
CC(=O)c1ccc(-c2ccc(C(C)=O)cc2)cc1,1.09771
CC1(C)CC(=O)CC(C)(C)N1,0.03868
O=C1CCc2ccccc21,0.43551
CC(=O)c1ccc(OC(F)(F)F)cc1,0.33158
CC(=O)c1cccs1,0.26175
O=C(Cn1cncn1)c1ccc(F)cc1F,0.41873
CC(=O)CC(=O)NCc1ccccc1,0.2498
CC(=O)c1ccc(O)cc1O,0.78929
O=C(CC(=O)C(F)(F)F)c1ccc2ccccc2c1,1.28986
O=C(c1ccccc1)c1ccccn1,0.54246
O=C1Nc2ccccc2C1=O,0.49606
CC(=O)c1ccc2ccccc2c1,0.82663
CC(=O)c1ccc(-c2ccccc2)cc1,0.90998
CC(=O)c1cccc2ccccc12,0.80866
CC(=O)c1cccn1C,0.36517
O=C(c1ccccc1)C1(O)CCCCC1,0.33043
COc1ccc(C(=O)/C=C/c2ccccc2)cc1,1.2037
Cc1cc(C)c(C(=O)c2ccccc2)c(C)c1,0.75666
CC(=O)c1ccc(N)cc1,0.71409
CC(=O)c1cccc(N)c1,0.48167
CC(=O)c1ccc(O)cc1,0.61621
OB(O)C1=CCCC1,0.10159
CC1(C)OB(C2=CCOCC2)OC1(C)C,0.07657
CC1(C)C=C(B2OC(C)(C)C(C)(C)O2)CC(C)(C)C1,0.18015
CC1(C)OB(C2=CCCCC2)OC1(C)C,0.11212
CC1(C)OB(C2=CCN(C(=O)OCc3ccccc3)CC2)OC1(C)C,0.34377
CC(C)(C)OC(=O)N1CC=C(B2OC(C)(C)C(C)(C)O2)CC1,0.18305
CC1(C)OB(C2=CCC3(CC2)OCCO3)OC1(C)C,0.11615
CC(C)=CB1OC(C)(C)C(C)(C)O1,0.1334
CCO/C=C/B1OC(C)(C)C(C)(C)O1,0.2121
CC1(C)OB(Cc2ccccc2)OC1(C)C,0.16751
OB(O)CCc1ccccc1,0.1662
CC1(C)OB(c2cccs2)OC1(C)C,0.19206
CC1(C)OB(c2ccco2)OC1(C)C,0.0651
O=C(O)c1ccc(B(O)O)s1,0.33938
Cc1cc(C)cc(B2OC(C)(C)C(C)(C)O2)c1,0.51849
CC1(C)OB(c2ccc(N)cc2)OC1(C)C,0.40392
CC1(C)OB(c2ccc(O)cc2)OC1(C)C,0.47388
CSc1ccc(B2OC(C)(C)C(C)(C)O2)cc1,0.57501
CC1(C)OB(c2cccc(N)c2)OC1(C)C,0.57211
Cc1ccc(B2OC(C)(C)C(C)(C)O2)cc1C,0.58979
CC1(C)OB(c2cccc(CC#N)c2)OC1(C)C,0.37857
Cc1cc(N)ccc1Br,0.49591
Nc1nc2ccc(Br)cc2s1,0.65172
Nc1ccc(Br)c(C(F)(F)F)c1,0.49266
C[C@H](N)c1ccc(Br)cc1,0.31368
Nc1cccc(Br)n1,0.36399
NCCc1cccc(Cl)c1,0.24798
Cc1c(N)cccc1Br,0.59739
Nc1ccc2ccccc2c1Br,0.86794
Nc1ncnn2c(Br)ccc12,0.63829
Nc1ncc(Cl)cc1F,0.35654
Nc1cnc(Br)cn1,0.41168
Nc1cc2c(cc1Br)OC(F)(F)O2,0.42289
Nc1[nH]nc2cccc(Br)c12,0.48325
Nc1nc2ccc(Br)cn2n1,0.6417
Brc1ccc2nc(-c3ccccc3)cn2c1,1.1134
CCOc1ccc(N)cc1Cl,0.43093
Cc1cc(N)cc(C)c1Br,0.51948
Cc1c(Br)cnc(N)c1[N+](=O)[O-],0.54089
N#Cc1cc(N)ccc1Br,0.60121
Cc1cc(N)nc(C)c1Br,0.46187
Nc1ncncc1Br,0.30332
Nc1cc(F)c(Br)c(F)c1,0.44797
COC(=O)c1cc(I)c(N)c(OC)c1,0.74671
Nc1nccnc1Br,0.37465
Nc1cc(Br)[nH]n1,0.12947
CC1(C)OB(c2ccc(CBr)cc2)OC1(C)C,0.4825
OB(O)c1c2ccccc2cc2ccccc12,1.15865
CC1(C)OB(C2=CCC(F)(F)CC2)OC1(C)C,0.09897
OB(O)c1ccc(O)c(F)c1F,0.30195
CC(C)(C)OC(=O)N1CCC(=CB2OC(C)(C)C(C)(C)O2)CC1,0.30428
N#Cc1ccc(B(O)O)cn1,0.28025
OB(O)c1cccc2c1OCC2,0.39929
CC1(C)OB(c2ccc3c4c(cccc24)CC3)OC1(C)C,0.82977
CC1(C)OB(c2ccc3[nH]cnc3c2)OC1(C)C,0.60545
OB(O)c1cccc2c1Oc1ccccc1S2,0.68745
OB(O)c1ccc2c(c1)OCCCO2,0.46529
Cc1c(C)c(C)c(B(O)O)c(C)c1C,0.38708
COc1cc(C=CB2OC(C)(C)C(C)(C)O2)cc(OC)c1,0.71761
Cc1cc(B2OC(C)(C)C(C)(C)O2)c(C)s1,0.33437
Cc1c(B2OC(C)(C)C(C)(C)O2)n(C(=O)OC(C)(C)C)c2ccccc12,0.76004
C#Cc1ccc(B2OC(C)(C)C(C)(C)O2)cc1,0.5237
CC1(C)OB(c2cccc3c2CNC3=O)OC1(C)C,0.40265
CC1(C)OB(c2ccc3ocnc3c2)OC1(C)C,0.40495
COc1ccsc1B1OC(C)(C)C(C)(C)O1,0.23556
COC(=O)c1cc(B2OC(C)(C)C(C)(C)O2)cn1C(=O)OC(C)(C)C,0.40055
CC(C)(C)OC(=O)N1CC2(CC(=CB3OC(C)(C)C(C)(C)O3)C2)C1,0.25349
CC1(C)OB(C2=Cc3ccccc3C2)OC1(C)C,0.54605
CC1(C)OB(c2cccc3c2CCC3)OC1(C)C,0.52047
OB(O)c1ccnc(C(F)(F)F)c1,0.04185
C=CCn1cc(B2OC(C)(C)C(C)(C)O2)cn1,0.15186
CC1(C)OB(c2ccc3c(c2)NC(=O)CO3)OC1(C)C,0.60883
CC1(C)OB(c2cccnc2-c2ccccc2)OC1(C)C,0.61768
CC1(C)OB(c2cccc3cc(O)[nH]c23)OC1(C)C,0.42201
OB(O)c1cccc2c1OCC1(CC1)CO2,0.38428
Cc1cnccc1B1OC(C)(C)C(C)(C)O1,0.16316
CC1(C)OB(c2ccc3c4c(cccc24)C(=O)OC3=O)OC1(C)C,0.6525
CC1(C)OB(c2ccc3c(c2)CCC(=O)O3)OC1(C)C,0.44068
CC1(C)OB(c2scc3c2OCCO3)OC1(C)C,0.26924
Cc1cc(=O)n(-c2ccccc2)[nH]1,0.48621
O=C(O)c1c[nH]ccc1=O,0.28346
O=c1cc(C(F)(F)F)[nH]n1-c1ccccc1,0.52251
O=c1cn[nH]c2ccccc12,0.72319
CC(C)(C)OC(=O)N1CCc2ccc(Br)cc2C1,0.48666
COC(=O)c1cc(Br)cc2c1cc(O)n2C,0.79931
N#Cc1cc(Br)c[nH]c1=O,0.52944
Nc1c(Cl)cc(C(=O)O)c2c1CCO2,0.69131
CC(C)(C)OC(=O)N1CCc2nc(Br)sc2C1,0.21277
O=C1CCCc2nc(Cl)ccc21,0.46014
Oc1cc2cccc(Cl)c2[nH]1,0.52081
CC(C)(C)OC(=O)N1CCc2nc(Cl)ccc2C1,0.26972
O=C1Nc2ccc(I)cc2C1=O,0.7214
O=C1Nc2cccc(I)c2C1=O,0.62375
O=C1CCC(N2C(=O)c3cccc(I)c3C2=O)C(=O)N1,0.81831
CC(C)(C)OC(=O)N1CCc2[nH]nc(I)c2C1,0.19343
Brc1ccc2[nH]c3ccc4ccccc4c3c2c1,1.33847
Brc1cc2[nH]c3ccccc3c2c2ccccc12,1.40175
CN1C[C@@H]2c3ccccc3Oc3ccc(Cl)cc3[C@H]2C1=O,0.75941
Clc1nc(-c2ccccc2)nc(-c2cccc3ccccc23)n1,1.74202
Brc1nc(-c2ccccc2)nc(-c2ccccc2)n1,1.27077
Cn1c2ccccc2c2cc(Br)ccc21,1.16416
Brc1cc2cccnc2c2ncccc12,0.76528
Clc1ccc2[nH]c3ccccc3c2c1,1.00937
Brc1ccc2ccc3ccc(-c4ccccc4)nc3c2n1,1.63256
Clc1cc2cccnc2c2ncccc12,0.94934
Ic1ccc2[nH]c3ccccc3c2c1,1.16112
O=C1CCCc2c1[nH]c1ccc(Br)cc21,0.99278
O=C1c2ccc(Cl)cc2CCc2cccnc21,0.70465
CCOC(=O)c1[nH]c2ccccc2c1Br,0.79835
COc1cc(Br)cn2ncc(C#N)c12,0.82045
Cn1nc(Br)c2ccccc21,0.60826
CCOC(=O)c1nc2ccccn2c1Br,0.80248
Brc1nnc2ccccn12,0.50588
Cc1ccc(S(=O)(=O)n2ccc3c(Cl)c([N+](=O)[O-])cnc32)cc1,1.02501
Clc1cc2cc[nH]c2cn1,0.63723
CC(C)(C)OC(=O)n1c(Cl)nc2ccccc21,0.49856
Brc1nn2ccnc2s1,0.2777
Cn1c(Cl)nc2ccccc21,0.67847
Cn1ccc2cnc(Cl)nc21,0.57588
Fc1cc(F)c2nc(Cl)sc2c1,0.52343
Fc1cccc2sc(Cl)nc12,0.53787
Ic1ccnc2[nH]ccc12,0.62291
Cn1cc2cc(I)ccc2n1,0.83304
Ic1ccc2nccn2c1,0.6908
Ic1c[nH]c2cccnc12,0.61329
Fc1cc2[nH]ncc2cc1I,0.67875
Brc1cccc2[nH]c3ccccc3c12,0.9485
CC(C)(C)OC(=O)n1nc(I)c2ccccc21,0.65409
COc1ccc2c(c1)[nH]c1cc(Br)ccc12,1.15189
Ic1cnc2ccccn12,0.63337
Clc1c2ccccc2nc2ccccc12,1.16415
COC(=O)c1cccc2c(I)c[nH]c12,0.58371
Fc1ccccc1Cn1nc(I)c2cccnc21,0.62121
Fc1cccc2[nH]nc(I)c12,0.58473
Ic1nc2ccccc2s1,0.66522
Clc1ccc2ccc3cccnc3c2n1,1.02236
Clc1nc2ccccc2c2ccccc12,1.03364
Fc1cccc2cc(I)cnc12,0.98048
CC1(C)c2ccccc2Nc2c(Br)cccc21,0.70906
Clc1ccc2[nH]c3c(c2c1)CCCC3,0.80178
CN(C)CC/C=C1/c2ccccc2Sc2ccc(Cl)cc21,1.02274
Ic1cccc2cnccc12,0.76094
O=C1Nc2cc(Cl)ccc2Nc2ccccc21,1.09617
Cc1cc(N)nc(Br)c1,0.40744
CCOC(=O)c1ccc2nc(Br)sc2c1,0.80286
Cc1cc(N)ncc1I,0.51718
Oc1cccnc1I,0.47241
COC(=O)c1ccc2nc(Br)sc2c1,0.8409
CC(C)(C)OC(=O)n1c(Cl)nc2ccccc21,0.49856
Nc1[nH]nc2cccc(I)c12,0.54122
O=C(O)c1ccc2nc(Cl)sc2c1,0.77015
Ic1[nH]nc2ncccc12,0.48785
COC(=O)c1cccc2c(I)c[nH]c12,0.58371
Nc1ncnn2c(I)ccc12,0.71498
O=S(=O)(c1ccccc1)n1c(I)cc2cccnc21,0.91355
Brc1nccc2ccccc12,0.77481
Clc1cc2ccccc2cn1,0.77615
Ic1nccc2ccccc12,0.71541
Ic1cccnc1,0.26626
Fc1nccc(I)c1F,0.26195
Cc1cc(I)cnc1N,0.50749
Cc1ccc(O)c(I)n1,0.52109
O=C(O)c1ccc(I)nc1,0.45271
CC(C)(C)C(=O)Nc1ccncc1I,0.50206
O=[N+]([O-])c1ccc(I)nc1,0.50991
COc1ccc([N+](=O)[O-])c(I)n1,0.58882
NC(=O)c1nc(Br)c[nH]c1=O,0.587
FC(F)(F)c1ccc(I)nc1,0.26954
CCOC(=O)c1nc(Br)c(C)[nH]c1=O,0.5965
COC(=O)c1nccnc1Br,0.28356
O=c1cncc(Cl)[nH]1,0.34305
Nc1cncc(Br)n1,0.40771
CCOC(=O)c1[nH]ncc1Br,0.20987
Nc1cnc(I)cn1,0.51428
Ic1cnccn1,0.30722
O=c1cnc(Cl)c[nH]1,0.39987
Cc1[nH]nc(N)c1Br,0.13017
COC(=O)c1c(Br)cnn1C,0.20133
Cn1ccnc1Br,0.13247
N#CCn1cc(Cl)cn1,0.05815
Cn1cc(Cl)cn1,0.06146
COC(=O)c1[nH]ncc1Cl,0.1955
O=C(O)Cn1cc(Cl)cn1,0.0414
N#Cc1cc(-c2ccccc2F)[nH]c1Cl,0.79842
Cc1cc(Cl)[nH]n1,0.08396
Clc1c[nH]cn1,0.06381
Cc1n[nH]c(C)c1Cl,0.08547
Cc1n[nH]c(C)c1I,0.1181
CC(=O)n1cc(I)cn1,0.27139
FC(F)(F)c1[nH]ncc1I,0.09785
Cc1[nH]ncc1I,0.08589
Cc1nn(-c2ccccc2)c(Cl)c1C=O,0.44963
CCOC(=O)c1[nH]ncc1I,0.25065
CC(C)(C)OC(=O)N1CCC(n2cc(I)cn2)CC1,0.17793
Cn1ncc(I)c1C(=O)O,0.19464
Ic1cn[nH]c1,0.08066
Ic1cc[nH]n1,0.1229
Cn1ccc(I)n1,0.14039
Cn1nccc1I,0.14666
Cc1[nH]cnc1I,0.16956
CCOC(=O)c1c[nH]nc1I,0.28947
Cn1cnc(I)c1,0.13399
Brc1cnoc1,0.03488
Cc1onc(N)c1Br,0.13364
Cc1nc(I)c([N+](=O)[O-])[nH]1,0.57872
Cn1ccnc1I,0.19973
Cc1c(Br)c(=O)n(-c2ccccc2)n1C,0.48172
CC(C)(C)c1cc(I)[nH]n1,0.12252
O=C(c1ccc(Br)o1)N1CCCC1,0.41273
O=C(O)c1cc(Br)no1,0.17111
CCOC(=O)c1cc(Br)no1,0.19593
Cc1c(I)c(=O)n(-c2ccccc2)n1C,0.5687
Cc1noc(N)c1Cl,0.16953
Ic1cnoc1,0.03657
Cc1noc(C)c1I,0.07953
NC(=O)c1cc(Br)cs1,0.31732
CC(C)(C)OC(=O)Nc1nc(Br)cs1,0.28504
COC(=O)c1scc(Br)c1N,0.40685
Cc1nc(Br)cs1,0.11517
COc1nc(Br)cs1,0.12645
CCOC(=O)c1nc(Br)cs1,0.2357
COC(=O)c1nc(N)sc1Br,0.42694
COC(=O)c1ncsc1Br,0.32437
COC(=O)c1sc(Br)cc1N,0.47139
Brc1cncs1,0.10405
CC(C)(C)OC(=O)Nc1ccsc1Br,0.33842
CC(C)(C)OC(=O)Nc1csc(Br)c1,0.38086
CC(C)(C)OC(=O)Nc1nnc(Br)s1,0.28073
Cc1nc(Br)sc1C,0.14978
Clc1cscn1,0.0926
NS(=O)(=O)c1ccc(Cl)s1,0.25352
CC(=O)c1cc(Cl)sc1S(N)(=O)=O,0.43981
N#Cc1sc(Cl)nc1-c1ccc(F)cc1,0.68871
Nc1ccc(Br)nn1,0.33259
CC(=O)Nc1ncc(Cl)s1,0.27223
Nc1nnc(Cl)s1,0.18139
COC(=O)c1ccc(Br)nn1,0.33746
Cn1nc(Br)ccc1=O,0.38486
CN(C)c1ccc(Br)nn1,0.45522
Cc1ccc(Br)nn1,0.20887
COc1nnc(Cl)cc1N,0.53719
O=c1cc(Cl)cn[nH]1,0.31029
Cc1cc(N)nnc1Cl,0.43045
O=c1[nH]nccc1Cl,0.31195
Cn1nc(Cl)ccc1=O,0.38012
Nc1cnnc(Cl)c1,0.38134
Nc1cc(Br)ncn1,0.44647
Cc1ncnc(C)c1Br,0.13808
Brc1cc(-c2ccccc2)nc(-c2ccccc2)n1,1.31404
Cc1ccc(I)nn1,0.23518
O=c1cc(Br)[nH]cn1,0.31771
FC(F)(F)c1cc(Br)ncn1,0.15504
Oc1cnc(Br)nc1,0.38067
Nc1nccc(Br)n1,0.35556
Fc1cnc(Br)nc1,0.13813
COc1cnc(Br)nc1,0.27375
Nc1ccnc(Br)n1,0.3448
N#Cc1cnc(Br)nc1N,0.60324
Cc1cc(C)nc(Cl)n1,0.15662
Nc1ncc(Cl)cn1,0.31576
Fc1ncc(Cl)c(F)n1,0.11679
CCOC(=O)c1c(C)nc(SC)nc1Cl,0.46593
COc1ncc(I)c(OC)n1,0.32295
COc1nc(Cl)ncc1F,0.17658
Cc1nc2c(F)cc(-c3nc(Cl)ncc3F)cc2n1C(C)C,1.07941
CC(C)(C)OC(=O)N1CCN(c2ncc(I)cn2)CC1,0.59097
Ic1cncnc1,0.18633
Ic1ncccn1,0.2158
COc1ccnc(I)n1,0.29582
Cc1cc(C(N)=O)ccc1Br,0.57216
Nc1ccc(C(F)(F)F)cc1I,0.4848
Cc1ccc(N)c(Cl)c1O,0.51913
Nc1ccc([N+](=O)[O-])c(Cl)c1,0.77174
Cc1cc(I)ccc1N,0.55912
Nc1c(F)cc(I)cc1F,0.52784
C#CC(=O)c1ccccc1,0.2947
Nc1cc(F)c(I)c(F)c1,0.53868
Cc1ccc(N)c(I)c1,0.46544
Nc1ccc(I)c(F)c1,0.59199
C#CCC(NC(=O)OC(C)(C)C)C(=O)c1cc(F)ccc1F,0.30283
C#CCCc1ccccc1,0.16034
C#Cc1cnc(Cl)nc1,0.32804
C#CCN(C)Cc1ccccc1,0.1613
C#Cc1ccc(C=O)o1,0.55236
C#Cc1cnc2ccccn12,0.59169
C#Cc1cnccn1,0.31541
C#Cc1c[nH]c2ccc([N+](=O)[O-])cc12,0.94302
C#Cc1ccc2c(c1)C(=O)N(C1CCC(=O)NC1=O)C2=O,0.88802
C#Cc1ccc2[nH]ncc2c1,0.72749
C#Cc1cc(-c2ccc(C(=O)OCC)cc2)cc(-c2ccc(C(=O)OCC)cc2)c1,1.95574
C#CCCCN1C(=O)c2ccccc2C1=O,0.56163
C#CCNC(=O)C1CCC(CN2C(=O)C=CC2=O)CC1,0.28494
C#CC1=CCCCC1,0.1331
C#CCCN1C(=O)c2ccccc2C1=O,0.59667
C#CCNC1CCc2ccccc21,0.3203
C#CCN1C(=O)c2ccccc2C1=O,0.57627
C#Cc1cc2ccccc2c2ccccc12,1.36525
C#CCON1C(=O)c2ccccc2C1=O,0.59594
C#CC(O)(c1ccc(OC)cc1)c1ccc(OC)cc1,0.80702
C#CC(O)(c1ccccc1)c1ccccc1,0.482
C#Cc1cnc2cccnn12,0.65486
C#Cc1ccc2cc(OC)ccc2c1,1.06915
C#Cc1ccc2ncccc2c1,0.92782
C#Cc1ccc2ccccc2c1,0.88703
C#Cc1cccc2ccccc12,0.81479
C#Cc1cnc2ccccc2c1,0.89127
C#Cc1ccc(F)nc1,0.2824
C#Cc1ccc(C(=O)OC)nc1,0.50067
C#Cc1ccc(C(F)(F)F)nc1,0.36198
C#Cc1ccc(Cl)nc1,0.39276
C#Cc1ccncc1,0.33289
C#Cc1ccc(Br)cn1,0.47138
C#Cc1cccnc1,0.3601
C#Cc1ccnc(Cl)c1,0.46522
C#Cc1ccccn1,0.29904
C#Cc1ccc(Cl)cn1,0.4098
C#Cc1ccc(F)cn1,0.29257
C#Cc1cnn(C)c1,0.20703
C#Cc1nc(Br)cnc1N,0.57361
C#Cc1ncccc1F,0.31387
C#Cc1cn[nH]c1,0.17623
C#CCOC(=O)n1ccnc1,0.08219
C#Cc1cccs1,0.24685
C#Cc1ccsc1,0.28948
C#Cc1cncnc1,0.2504
C#Cc1ncccn1,0.23513
C#CCNC(=O)OCc1ccccc1,0.1613
C#CCNC(=O)C(F)(F)F,0.06407
C#CCCOS(=O)(=O)c1ccc(C)cc1,0.35428
C#CCCCI,0.03549
C#CC(C)(C)Cl,0.0139
C#CC(C)(C)COCc1ccccc1,0.17704
C#CCCCCI,0.04048
C#CCOCCI,0.0361
C#CC(=O)OCC,0.04325
C#Cc1cc(C(=O)OC)cc(C(=O)OC)c1,0.81173
C#Cc1ccc(C(C)(C)C)cc1,0.52164
C#Cc1cc(C(=O)O)cc(C(=O)O)c1,0.66797
C#CCOC[C@H](NC(=O)OCC1c2ccccc2-c2ccccc21)C(=O)O,0.92935
C#Cc1cc(F)ccc1C=O,0.51798
C#CCOc1ccccc1,0.21657
C#Cc1ccc(-c2ccc(CC)cc2)cc1,1.10191
C#Cc1ccc(-c2ccc(CCC)cc2)cc1,1.215
C#CCOCCOCCOCCOCCOS(=O)(=O)c1ccc(C)cc1,0.33676
C#Cc1cc(OC)cc(OC)c1,0.62065
C#CC(O)c1ccccc1,0.18381
C#Cc1cc(C(F)(F)F)cc(C(F)(F)F)c1,0.54042
C#Cc1ccc(-c2ccccc2)cc1,1.02348
C#CCOc1ccc(C=O)cc1,0.62757
C#Cc1ccc(Br)cc1,0.52328
C#CCOCc1ccccc1,0.17894
C#Cc1ccc(C#N)cc1,0.60064
C#Cc1cc(N)ccc1F,0.47581
C#CCOc1ccccc1C=O,0.4171
C#CCOc1cccc(Br)c1,0.38744
C#Cc1cc(F)c(F)c(F)c1,0.36698
C#CCOS(=O)(=O)c1ccccc1,0.21183
C#Cc1ccc(C(=O)OCC)cc1,0.61173
C#Cc1ccc(B(O)O)cc1,0.52714
C#CC(C)(O)c1ccccc1,0.16301
C#Cc1ccccc1C=O,0.46955
C#Cc1ccc(F)c(F)c1,0.36903
C#Cc1ccc(Oc2ccccc2)cc1,0.82442
C#Cc1ccc(F)cc1,0.39028
C#Cc1ccc(CNC(=O)OC(C)(C)C)cc1,0.54183
C#Cc1cccc(NC(=O)OC(C)(C)C)c1,0.72291
C#Cc1ccc(OCc2ccccc2)cc1,0.80904
C#Cc1ccc(CCC)cc1,0.46153
C#Cc1ccc(CN2CCOCC2)cc1,0.52394
C#Cc1ccc(OC)cc1,0.54025
C#Cc1ccc(N(c2ccccc2)c2ccccc2)cc1,1.52268
C#Cc1cccc(OC)c1,0.47138
C#Cc1ccc(CO)cc1,0.51341
C#Cc1cccc(C(=O)O)c1,0.68081
C#Cc1ccc(S(C)(=O)=O)cc1,0.54999
C#Cc1cccc(C#N)c1,0.56258
C#Cc1ccc(OC(F)(F)F)cc1,0.41751
C#Cc1ccc(CCCCC)cc1,0.47982
C#Cc1ccc([N+](=O)[O-])cc1,0.63707
C#Cc1cccc(F)c1,0.36062
C#Cc1cccc(C(=O)OC)c1,0.57741
C#Cc1cccc(C(F)(F)F)c1,0.39594
C#Cc1ccccc1C,0.49765
C#Cc1ccc(C=O)cc1,0.60973
C#Cc1ccccc1C(F)(F)F,0.45014
C#Cc1cccc(B(O)O)c1,0.56938
C#Cc1ccc(OCCCCC)cc1,0.55789
C#Cc1cccc([N+](=O)[O-])c1,0.52365
C#Cc1ccc(C(C)C)cc1,0.47252
C#Cc1cccc(C(=O)OC(C)(C)C)c1,0.61056
C#Cc1ccc(CCCC)cc1,0.48255
C#Cc1cccc(OC(F)(F)F)c1,0.43762
C#Cc1cccc(Br)c1,0.50062
C#Cc1cccc(NC(C)=O)c1,0.67674
C#Cc1ccc(F)cc1F,0.35829
C#Cc1cccc(N)c1,0.55456
C#Cc1ccc(N)cc1,0.5674
C#Cc1ccccc1Br,0.45561
C#Cc1ccccc1C(=O)OC,0.49184
C#Cc1ccc(C(F)(F)F)cc1,0.44143
C#Cc1ccc(Cl)cc1,0.49449
C#Cc1cccc(O)c1,0.52528
C#Cc1ccc(CC)cc1,0.50165
C#Cc1ccc(OC)c(OC)c1,0.61337
C#Cc1ccccc1C(=O)O,0.46438
C#CC(O)(c1ccccc1)C(F)(F)F,0.13033
C#Cc1ccccc1F,0.36972
C#Cc1cc(C)ccn1,0.38618
C#Cc1ccccc1CO,0.46639
C#Cc1ccccc1N,0.61043
C#Cc1ccccc1[N+](=O)[O-],0.48294
C#Cc1ccccc1OC(F)(F)F,0.40225
C#CCOC(=O)c1cc(O)cs1,0.25918
