RXN Smiles,Reaction_Type,Exp_Name,Yield (Exp),Yield (Pred),CF (Exp),CF (Pred)
Fc1cccc(Br)c1.CC(N)=O>>CC(=O)Nc1cccc(F)c1,Buchwald,XantPhos_Cs2CO3_3amine,0.4183467973702918,0.4315988548918719,0.4141769035054924,0.40145972
COc1ccccc1Br.CC(N)=O>>COc1ccccc1NC(C)=O,Buchwald,t-BuXPhos_Cs2CO3_3amine,0.4769891486579637,0.5118611401971669,0.4860936908946384,0.45297718
N#Cc1ccc(Br)cc1.CC(N)=O>>CC(=O)Nc1ccc(C#N)cc1,Buchwald,XantPhos_3amine,0.4887986542329939,0.5496011208042796,0.6640684690457708,0.59060246
O=C(O)c1cccc(Br)c1.CC(C)(C)OC(N)=O>>CC(C)(C)OC(=O)Nc1cccc(C(=O)O)c1,Buchwald,t-BuXPhos,0.506119620932315,0.5954372593420924,0.6397546732819965,0.5437892
FC(F)(F)Oc1ccc(Br)cc1.CC(N)=O>>CC(=O)Nc1ccc(OC(F)(F)F)cc1,Buchwald,XantPhos_Cs2CO3_3amine,0.5111537229373871,0.5030668371249948,0.4457680518414091,0.45293385
N#Cc1ccc(Br)cc1.CC(N)=O>>CC(=O)Nc1ccc(C#N)cc1,Buchwald,t-BuXPhos_Cs2CO3_3amine,0.5180965167594865,0.5825433925194031,0.6640684690457708,0.59060246
Cc1cccc(Br)n1.CC(N)=O>>CC(=O)Nc1cccc(C)n1,Buchwald,BrettPhos_Cs2CO3_3amine,0.5211963494977612,0.5757925356936557,0.3795976436719233,0.3436045
Brc1ccccn1.CC(C)(C)OC(N)=O>>CC(C)(C)OC(=O)Nc1ccccn1,Buchwald,XantPhos_Cs2CO3,0.1572457877646653,0.1909913115709771,0.3406896260699628,0.28049445
CC(=O)c1ccc(Br)cc1.CC(N)=O>>CC(=O)Nc1ccc(C(C)=O)cc1,Buchwald,XantPhos_3amine,0.5287303744490647,0.5823012415928692,0.7254916020630485,0.65874743
Cc1ccc(I)cc1C.CC(N)=O>>CC(=O)Nc1ccc(C)c(C)c1,Buchwald,t-BuXPhos_Cs2CO3_3amine,0.5288171634417544,0.5741318268838606,0.5102959080036781,0.47001964
Cc1cccc(C)c1Br.CC(N)=O>>CC(=O)Nc1c(C)cccc1C,Buchwald,BrettPhos_Cs2CO3_3amine,0.1496521626938035,0.1541377907367759,0.4166825010366778,0.40455645
O=C(O)c1cn(C2CC2)c2cc(Cl)c(F)cc2c1=O.CCN1CCNCC1>>CCN1CCN(c2cc3c(cc2F)c(=O)c(C(=O)O)cn3C2CC2)CC1,Buchwald,RuPhos,0.5362761289791574,0.5549872161134395,1.17349327675524,1.1339297
N#Cc1ccc(Br)cc1.CC(N)=O>>CC(=O)Nc1ccc(C#N)cc1,Buchwald,RuPhos_3amine,0.1410036427235309,0.1585433171863831,0.6640684690457708,0.59060246
FC(F)(F)c1cncc(Cl)c1.CC(C)(C)OC(N)=O>>CC(C)(C)OC(=O)Nc1cncc(C(F)(F)F)c1,Buchwald,XantPhos_Cs2CO3,0.5445937277905374,0.6249589041702913,0.3830152378365046,0.33376226
FC(F)(F)c1cccc(Br)c1.CC(N)=O>>CC(=O)Nc1cccc(C(F)(F)F)c1,Buchwald,t-BuXPhos_3amine,0.5602409170923895,0.6389250567679321,0.4786256697056371,0.4196826
FC(F)(F)c1cncc(Cl)c1.CC(C)(C)OC(N)=O>>CC(C)(C)OC(=O)Nc1cncc(C(F)(F)F)c1,Buchwald,RuPhos,0.5613424121466721,0.6441791758836117,0.3830152378365046,0.33376226
Fc1cccc(Br)c1.CC(N)=O>>CC(=O)Nc1cccc(F)c1,Buchwald,BrettPhos_Cs2CO3_3amine,0.5718959120263446,0.5900119764259518,0.4141769035054924,0.40145972
FC(F)(F)Oc1ccc(Br)cc1.CC(N)=O>>CC(=O)Nc1ccc(OC(F)(F)F)cc1,Buchwald,BrettPhos_Cs2CO3_3amine,0.5839558981186085,0.5747172200934918,0.4457680518414091,0.45293385
FC(F)(F)c1cncc(Cl)c1.CC(C)(C)OC(N)=O>>CC(C)(C)OC(=O)Nc1cncc(C(F)(F)F)c1,Buchwald,RuPhos_Cs2CO3,0.5904230299430208,0.677551192679206,0.3830152378365046,0.33376226
N#Cc1ccc(Br)cc1.CC(N)=O>>CC(=O)Nc1ccc(C#N)cc1,Buchwald,XantPhos_Cs2CO3_3amine,0.5983435634560685,0.672772501015786,0.6640684690457708,0.59060246
Cc1cccc(C)c1Br.CC(N)=O>>CC(=O)Nc1c(C)cccc1C,Buchwald,XantPhos_Cs2CO3_3amine,0.1172956773958838,0.1208114620686582,0.4166825010366778,0.40455645
O=C(O)c1ccc(Br)cc1.CC(C)(C)OC(N)=O>>CC(C)(C)OC(=O)Nc1ccc(C(=O)O)cc1,Buchwald,RuPhos_Cs2CO3,0.6076884430545232,0.6351261978574841,0.7300089965667225,0.6984722
Cc1ccc(I)cc1C.CC(N)=O>>CC(=O)Nc1ccc(C)c(C)c1,Buchwald,RuPhos_Cs2CO3_3amine,0.10728761318351,0.1164811538229168,0.5102959080036781,0.47001964
Brc1ccccn1.CC(C)(C)OC(N)=O>>CC(C)(C)OC(=O)Nc1ccccn1,Buchwald,BrettPhos_Cs2CO3,0.2924453868237236,0.3552052413380818,0.3406896260699628,0.28049445
N#Cc1ccc(Br)cc1.CC(N)=O>>CC(=O)Nc1ccc(C#N)cc1,Buchwald,BrettPhos_3amine,0.4692956794917088,0.5276721390364235,0.6640684690457708,0.59060246
FC(F)(F)c1ccccc1Br.CC(N)=O>>CC(=O)Nc1ccccc1C(F)(F)F,Buchwald,BrettPhos_Cs2CO3_3amine,0.625342474781206,0.4931556814884089,0.2662169755183974,0.3375745
FC(F)(F)c1ccccc1Br.CC(N)=O>>CC(=O)Nc1ccccc1C(F)(F)F,Buchwald,XantPhos_3amine,0.4625712315616151,0.3647915184675647,0.2662169755183974,0.3375745
Brc1ccncc1.CC(C)(C)OC(N)=O>>CC(C)(C)OC(=O)Nc1ccncc1,Buchwald,XantPhos,0.4512809794543658,0.5277959072480671,0.4462328812076657,0.38154224
FC(F)(F)Oc1ccc(Br)cc1.CC(N)=O>>CC(=O)Nc1ccc(OC(F)(F)F)cc1,Buchwald,t-BuXPhos_3amine,0.2989095920852016,0.2941805885957408,0.4457680518414091,0.45293385
FC(F)(F)c1cncc(Cl)c1.CC(C)(C)OC(N)=O>>CC(C)(C)OC(=O)Nc1cncc(C(F)(F)F)c1,Buchwald,BrettPhos,0.3000318690082698,0.3443072854186308,0.3830152378365046,0.33376226
FC(F)(F)c1ccccc1Br.CC(N)=O>>CC(=O)Nc1ccccc1C(F)(F)F,Buchwald,t-BuXPhos_Cs2CO3_3amine,0.3017476073472357,0.2379632808260591,0.2662169755183974,0.3375745
Brc1ccccn1.CC(C)(C)OC(N)=O>>CC(C)(C)OC(=O)Nc1ccccn1,Buchwald,BrettPhos,0.2560102522043501,0.3109509929595253,0.3406896260699628,0.28049445
CC(=O)c1ccc(Br)cc1.CC(N)=O>>CC(=O)Nc1ccc(C(C)=O)cc1,Buchwald,t-BuXPhos_3amine,0.3129538930019312,0.344662325568553,0.7254916020630485,0.65874743
CCOc1ccc(Br)cc1.CC(N)=O>>CCOc1ccc(NC(C)=O)cc1,Buchwald,XantPhos_Cs2CO3_3amine,0.3169206607348588,0.3011251545486504,0.4852332710658842,0.51068616
COc1ccccc1Br.CC(N)=O>>COc1ccccc1NC(C)=O,Buchwald,t-BuXPhos_3amine,0.2547763987421242,0.273402735308315,0.4860936908946384,0.45297718
Brc1ccncc1.CC(C)(C)OC(N)=O>>CC(C)(C)OC(=O)Nc1ccncc1,Buchwald,BrettPhos,0.3271863379656257,0.3826609539239455,0.4462328812076657,0.38154224
CCOc1ccc(Br)cc1.CC(N)=O>>CCOc1ccc(NC(C)=O)cc1,Buchwald,t-BuXPhos_3amine,0.2533516696173741,0.2407244781447567,0.4852332710658842,0.51068616
Cc1ccc(I)cc1C.CC(N)=O>>CC(=O)Nc1ccc(C)c(C)c1,Buchwald,XantPhos_Cs2CO3_3amine,0.3426575784114658,0.3720201141138701,0.5102959080036781,0.47001964
Cc1ccc(I)cc1C.CC(N)=O>>CC(=O)Nc1ccc(C)c(C)c1,Buchwald,t-BuXPhos_3amine,0.355602247301986,0.3860740195320509,0.5102959080036781,0.47001964
O=C(O)c1cn(C2CC2)c2cc(Cl)c(F)cc2c1=O.CCN1CCNCC1>>CCN1CCN(c2cc3c(cc2F)c(=O)c(C(=O)O)cn3C2CC2)CC1,Buchwald,XantPhos,0.3584542549971778,0.3709610000049665,1.17349327675524,1.1339297
O=C(O)c1ccc(Br)cc1.CC(C)(C)OC(N)=O>>CC(C)(C)OC(=O)Nc1ccc(C(=O)O)cc1,Buchwald,RuPhos,0.2368447997191002,0.2475385846928355,0.7300089965667225,0.6984722
Brc1ccccn1.CC(C)(C)OC(N)=O>>CC(C)(C)OC(=O)Nc1ccccn1,Buchwald,XantPhos,0.3665181365730116,0.4451742753414479,0.3406896260699628,0.28049445
FC(F)(F)Oc1ccc(Br)cc1.CC(N)=O>>CC(=O)Nc1ccc(OC(F)(F)F)cc1,Buchwald,XantPhos_3amine,0.3769522817279118,0.3709885766383026,0.4457680518414091,0.45293385
Brc1ccccn1.CC(C)(C)OC(N)=O>>CC(C)(C)OC(=O)Nc1ccccn1,Buchwald,RuPhos_Cs2CO3,0.384840551641578,0.4674287480038928,0.3406896260699628,0.28049445
FC(F)(F)c1ccccc1Br.CC(N)=O>>CC(=O)Nc1ccccc1C(F)(F)F,Buchwald,BrettPhos_3amine,0.3937225608297996,0.3104962890475592,0.2662169755183974,0.3375745
O=C(O)c1ccc(Br)cc1.CC(C)(C)OC(N)=O>>CC(C)(C)OC(=O)Nc1ccc(C(=O)O)cc1,Buchwald,BrettPhos_Cs2CO3,0.3950052589137906,0.4128401504010791,0.7300089965667225,0.6984722
CC(=O)c1ccc(Br)cc1.CC(N)=O>>CC(=O)Nc1ccc(C(C)=O)cc1,Buchwald,BrettPhos_3amine,0.4058574948536148,0.4469789037735687,0.7254916020630485,0.65874743
FC(F)(F)c1cncc(Cl)c1.CC(C)(C)OC(N)=O>>CC(C)(C)OC(=O)Nc1cncc(C(F)(F)F)c1,Buchwald,BrettPhos_Cs2CO3,0.4134533356909621,0.4744662496339993,0.3830152378365046,0.33376226
Cc1ccc(I)cc1C.CC(N)=O>>CC(=O)Nc1ccc(C)c(C)c1,Buchwald,BrettPhos_3amine,0.225155966051814,0.2444497173310196,0.5102959080036781,0.47001964
Cc1cccc(Br)n1.CC(N)=O>>CC(=O)Nc1cccc(C)n1,Buchwald,BrettPhos_3amine,0.4151050150725214,0.458587957183662,0.3795976436719233,0.3436045
CCOc1ccc(Br)cc1.CC(N)=O>>CCOc1ccc(NC(C)=O)cc1,Buchwald,t-BuXPhos_Cs2CO3_3amine,0.4157487608365194,0.3950276058683498,0.4852332710658842,0.51068616
Brc1ccncc1.CC(C)(C)OC(N)=O>>CC(C)(C)OC(=O)Nc1ccncc1,Buchwald,BrettPhos_Cs2CO3,0.4176359655243311,0.4884463634825687,0.4462328812076657,0.38154224
CC(=O)c1ccc(Br)cc1.CC(N)=O>>CC(=O)Nc1ccc(C(C)=O)cc1,Buchwald,RuPhos_3amine,0.0013204448010653,0.0014542320325674,0.7254916020630485,0.65874743
FC(F)(F)c1cccc(Br)c1.CC(N)=O>>CC(=O)Nc1cccc(C(F)(F)F)c1,Buchwald,RuPhos_Cs2CO3_3amine,0.2167019279613472,0.2471370572913567,0.4786256697056371,0.4196826
O=C(O)c1cn(C2CC2)c2cc(Cl)c(F)cc2c1=O.CCN1CCNCC1>>CCN1CCN(c2cc3c(cc2F)c(=O)c(C(=O)O)cn3C2CC2)CC1,Buchwald,RuPhos_Cs2CO3,0.4474358638460824,0.463047245712666,1.17349327675524,1.1339297
Fc1cccc(Br)c1.CC(N)=O>>CC(=O)Nc1cccc(F)c1,Buchwald,RuPhos_Cs2CO3_3amine,0.1853609013124839,0.1912326166976281,0.4141769035054924,0.40145972
FC(F)(F)c1ccccc1Br.CC(N)=O>>CC(=O)Nc1ccccc1C(F)(F)F,Buchwald,RuPhos_Cs2CO3_3amine,0.1043120308932192,0.082262236705709,0.2662169755183974,0.3375745
FC(F)(F)c1cccc(Br)c1.CC(N)=O>>CC(=O)Nc1cccc(C(F)(F)F)c1,Buchwald,BrettPhos_3amine,0.612334123202405,0.6983345958708685,0.4786256697056371,0.4196826
FC(F)(F)c1cccc(Br)c1.CC(N)=O>>CC(=O)Nc1cccc(C(F)(F)F)c1,Buchwald,BrettPhos_Cs2CO3_3amine,0.6310713938057462,0.7197034593698936,0.4786256697056371,0.4196826
CCOc1ccc(Br)cc1.CC(N)=O>>CCOc1ccc(NC(C)=O)cc1,Buchwald,XantPhos_3amine,0.0399928898960713,0.0379996214916291,0.4852332710658842,0.51068616
COc1ccccc1Br.CC(N)=O>>COc1ccccc1NC(C)=O,Buchwald,RuPhos_Cs2CO3_3amine,0.0335714879599755,0.036025851224617,0.4860936908946384,0.45297718
COc1ccccc1Br.CC(N)=O>>COc1ccccc1NC(C)=O,Buchwald,RuPhos_3amine,0.0233292345938372,0.0250348014262511,0.4860936908946384,0.45297718
FC(F)(F)c1ccc(Br)cc1.CC(N)=O>>CC(=O)Nc1ccc(C(F)(F)F)cc1,Buchwald,t-BuXPhos_3amine,0.8512700509338055,0.9657151360923488,0.4726941331161578,0.416676
O=C(O)c1cn(C2CC2)c2cc(Cl)c(F)cc2c1=O.CCN1CCNCC1>>CCN1CCN(c2cc3c(cc2F)c(=O)c(C(=O)O)cn3C2CC2)CC1,Buchwald,XantPhos_Cs2CO3,0.0172936575089751,0.0178970465375653,1.17349327675524,1.1339297
O=C(O)c1ccc(Br)cc1.CC(C)(C)OC(N)=O>>CC(C)(C)OC(=O)Nc1ccc(C(=O)O)cc1,Buchwald,BrettPhos,0.0151439509994137,0.0158277158776487,0.7300089965667225,0.6984722
Cc1cccc(Br)n1.CC(N)=O>>CC(=O)Nc1cccc(C)n1,Buchwald,t-BuXPhos_3amine,0.8734033597731252,0.9648938172566504,0.3795976436719233,0.3436045
COc1ccccc1Br.CC(N)=O>>COc1ccccc1NC(C)=O,Buchwald,BrettPhos_Cs2CO3_3amine,0.8789073902882288,0.943163047181279,0.4860936908946384,0.45297718
N#Cc1ccc(Br)cc1.CC(N)=O>>CC(=O)Nc1ccc(C#N)cc1,Buchwald,RuPhos_Cs2CO3_3amine,0.8869804279187619,0.997313378615079,0.6640684690457708,0.59060246
Cc1cccc(C)c1Br.CC(N)=O>>CC(=O)Nc1c(C)cccc1C,Buchwald,XantPhos_3amine,0.0112941327870639,0.0116326596605736,0.4166825010366778,0.40455645
FC(F)(F)c1cncc(Cl)c1.CC(C)(C)OC(N)=O>>CC(C)(C)OC(=O)Nc1cncc(C(F)(F)F)c1,Buchwald,XantPhos,0.0076578578125942,0.0087879205775421,0.3830152378365046,0.33376226
FC(F)(F)Oc1ccc(Br)cc1.CC(N)=O>>CC(=O)Nc1ccc(OC(F)(F)F)cc1,Buchwald,BrettPhos_3amine,0.6303223508189282,0.6203501161518713,0.4457680518414091,0.45293385
FC(F)(F)c1cccc(Br)c1.CC(N)=O>>CC(=O)Nc1cccc(C(F)(F)F)c1,Buchwald,t-BuXPhos_Cs2CO3_3amine,0.0066190436827227,0.0075486683169833,0.4786256697056371,0.4196826
FC(F)(F)c1ccc(Br)cc1.CC(N)=O>>CC(=O)Nc1ccc(C(F)(F)F)cc1,Buchwald,XantPhos_Cs2CO3_3amine,0.0060929759428837,0.0069121180586992,0.4726941331161578,0.416676
FC(F)(F)c1cccc(Br)c1.CC(N)=O>>CC(=O)Nc1cccc(C(F)(F)F)c1,Buchwald,XantPhos_Cs2CO3_3amine,0.0050705113968755,0.0057826493625365,0.4786256697056371,0.4196826
Brc1ccccn1.CC(C)(C)OC(N)=O>>CC(C)(C)OC(=O)Nc1ccccn1,Buchwald,RuPhos,0.0046821486310995,0.0056869549304704,0.3406896260699628,0.28049445
FC(F)(F)Oc1ccc(Br)cc1.CC(N)=O>>CC(=O)Nc1ccc(OC(F)(F)F)cc1,Buchwald,t-BuXPhos_Cs2CO3_3amine,0.9728169029092384,0.9574261136864118,0.4457680518414091,0.45293385
FC(F)(F)c1ccccc1Br.CC(N)=O>>CC(=O)Nc1ccccc1C(F)(F)F,Buchwald,XantPhos_Cs2CO3_3amine,0.9891026720714492,0.7800231424837507,0.2662169755183974,0.3375745
CC(=O)c1cc(Br)ccc1O.CC(N)=O>>CC(=O)Nc1ccc(O)c(C(C)=O)c1,Buchwald,t-BuXPhos_Cs2CO3_3amine,0.0037305855398219,0.0037458006332833,0.6597928165875523,0.6571128
Cc1cccc(Br)n1.CC(N)=O>>CC(=O)Nc1cccc(C)n1,Buchwald,RuPhos_Cs2CO3_3amine,1,1,0.3795976436719233,0.3436045
FC(F)(F)c1cncc(Cl)c1.CC(C)(C)OC(N)=O>>CC(C)(C)OC(=O)Nc1cncc(C(F)(F)F)c1,Buchwald,t-BuXPhos_Cs2CO3,0.0029580547768098,0.0033945720955893,0.3830152378365046,0.33376226
O=[N+]([O-])c1cnc(Cl)s1.CC(N)=O>>CC(=O)Nc1ncc([N+](=O)[O-])s1,Buchwald,XantPhos_Cs2CO3_3amine,0.0017949185936398,0.0017079038652314,0.5480873057778214,0.5760115
CC(=O)c1ccc(Br)cc1.CC(N)=O>>CC(=O)Nc1ccc(C(C)=O)cc1,Buchwald,XantPhos_Cs2CO3_3amine,0.8379269176773303,0.9228255233794967,0.7254916020630485,0.65874743
Cc1cccc(Br)n1.CC(N)=O>>CC(=O)Nc1cccc(C)n1,Buchwald,XantPhos_Cs2CO3_3amine,0.7215591242497993,0.7971436450102577,0.3795976436719233,0.3436045
Brc1ccccn1.CC(C)(C)OC(N)=O>>CC(C)(C)OC(=O)Nc1ccccn1,Buchwald,t-BuXPhos_Cs2CO3,0.0669532948476309,0.0813217179215331,0.3406896260699628,0.28049445
Cc1ccc(I)cc1C.CC(N)=O>>CC(=O)Nc1ccc(C)c(C)c1,Buchwald,RuPhos_3amine,0.0671215068669402,0.0728731894969186,0.5102959080036781,0.47001964
Cc1ccc(I)cc1C.CC(N)=O>>CC(=O)Nc1ccc(C)c(C)c1,Buchwald,BrettPhos_Cs2CO3_3amine,0.7046666514728899,0.7650499641901726,0.5102959080036781,0.47001964
Brc1ccncc1.CC(C)(C)OC(N)=O>>CC(C)(C)OC(=O)Nc1ccncc1,Buchwald,XantPhos_Cs2CO3,0.6839590472081928,0.7999246639604397,0.4462328812076657,0.38154224
Cc1ccc(I)cc1C.CC(N)=O>>CC(=O)Nc1ccc(C)c(C)c1,Buchwald,XantPhos_3amine,0.0605352887963912,0.0657225944056225,0.5102959080036781,0.47001964
FC(F)(F)c1ccc(Br)cc1.CC(N)=O>>CC(=O)Nc1ccc(C(F)(F)F)cc1,Buchwald,BrettPhos_Cs2CO3_3amine,0.6790110308845643,0.7702975446858313,0.4726941331161578,0.416676
O=C(O)c1cccc(Br)c1.CC(C)(C)OC(N)=O>>CC(C)(C)OC(=O)Nc1cccc(C(=O)O)c1,Buchwald,t-BuXPhos_Cs2CO3,0.0807883352456193,0.0950454851697892,0.6397546732819965,0.5437892
Cc1cccc(Br)n1.CC(N)=O>>CC(=O)Nc1cccc(C)n1,Buchwald,RuPhos_3amine,0.0860084275013762,0.0950179536172175,0.3795976436719233,0.3436045
FC(F)(F)c1cccc(Br)c1.CC(N)=O>>CC(=O)Nc1cccc(C(F)(F)F)c1,Buchwald,RuPhos_3amine,0.0945593280580906,0.1078398992365811,0.4786256697056371,0.4196826
FC(F)(F)c1ccc(Br)cc1.CC(N)=O>>CC(=O)Nc1ccc(C(F)(F)F)cc1,Buchwald,RuPhos_Cs2CO3_3amine,0.6463178937853876,0.7332091291960773,0.4726941331161578,0.416676
FC(F)(F)Oc1ccc(Br)cc1.CC(N)=O>>CC(=O)Nc1ccc(OC(F)(F)F)cc1,Buchwald,RuPhos_Cs2CO3_3amine,0.1007566898055899,0.0991626334410777,0.4457680518414091,0.45293385
FC(F)(F)c1ccc(Br)cc1.CC(N)=O>>CC(=O)Nc1ccc(C(F)(F)F)cc1,Buchwald,BrettPhos_3amine,0.6766328062233657,0.7675995905526769,0.4726941331161578,0.416676
Cc1ccc(O)c(Br)c1.CC(N)=O>>CC(=O)Nc1cc(C)ccc1O,Buchwald,t-BuXPhos_Cs2CO3_3amine,0.0553316140206277,0.0558031533795714,0.4674712753851868,0.46352106
COc1ccccc1Br.CC(N)=O>>COc1ccccc1NC(C)=O,Buchwald,XantPhos_Cs2CO3_3amine,0.7320322832173164,0.7855501119951841,0.4860936908946384,0.45297718
COc1ccccc1Br.CC(N)=O>>COc1ccccc1NC(C)=O,Buchwald,BrettPhos_3amine,0.7745044359694351,0.831127342830506,0.4860936908946384,0.45297718
Brc1ccncc1.CC(C)(C)OC(N)=O>>CC(C)(C)OC(=O)Nc1ccncc1,Buchwald,RuPhos,0.7972779503820814,0.9324568468619492,0.4462328812076657,0.38154224
CC(=O)c1ccc(Br)cc1.CC(N)=O>>CC(=O)Nc1ccc(C(C)=O)cc1,Buchwald,t-BuXPhos_Cs2CO3_3amine,0.7933296799154521,0.8737097014496261,0.7254916020630485,0.65874743
CC(=O)c1ccc(Br)cc1.CC(N)=O>>CC(=O)Nc1ccc(C(C)=O)cc1,Buchwald,BrettPhos_Cs2CO3_3amine,0.7708610604036573,0.8489645654202672,0.7254916020630485,0.65874743
N#Cc1ccc(Br)cc1.CC(N)=O>>CC(=O)Nc1ccc(C#N)cc1,Buchwald,BrettPhos_Cs2CO3_3amine,0.7701673848551761,0.8659697694698233,0.6640684690457708,0.59060246
CCOc1ccc(Br)cc1.CC(N)=O>>CCOc1ccc(NC(C)=O)cc1,Buchwald,BrettPhos_Cs2CO3_3amine,0.761022808281848,0.7230929981893519,0.4852332710658842,0.51068616
Brc1ccncc1.CC(C)(C)OC(N)=O>>CC(C)(C)OC(=O)Nc1ccncc1,Buchwald,RuPhos_Cs2CO3,0.7435758776818592,0.8696495594460577,0.4462328812076657,0.38154224
O=C(O)c1c[nH]c2ccccc12.Fc1ccc(CCl)cc1>>O=C(O)c1cn(Cc2ccc(F)cc2)c2ccccc12,SN2,DMF_DIPEA,0.0137596821113247,0.0145794897282405,0.8294140581291186,0.7827761
O=C(O)c1c[nH]c2ccccc12.Fc1ccc(CCl)cc1>>O=C(O)c1cn(Cc2ccc(F)cc2)c2ccccc12,SN2,DMF_K2CO3,0.0068898900135976,0.0073003925431736,0.8294140581291186,0.7827761
CNCc1ccccc1.O=C(CCCl)c1ccccc1>>CN(CCC(=O)c1ccccc1)Cc1ccccc1,SN2,DMF_K2CO3,0.0512153831605143,0.0397007805326003,0.3684651367450983,0.47533283
NCc1cccs1.ClCc1ccccc1Cl>>Clc1ccccc1CNCc1cccs1,SN2,DMSO_K2CO3,0.0319385839755693,0.0325882692670512,0.3424690820832042,0.33564156
O=C(O)c1c[nH]c2ccccc12.Fc1ccc(CCl)cc1>>O=C(O)c1cn(Cc2ccc(F)cc2)c2ccccc12,SN2,ACN_DIPEA,0.1953412500278699,0.2069797634306545,0.8294140581291186,0.7827761
CN1CCNCC1.N#Cc1ccc(CBr)cc1>>CN1CCN(Cc2ccc(C#N)cc2)CC1,SN2,DMF_Cs2CO3,0.0537624767292801,0.0463291798554928,0.3915126105677324,0.45432898
O=C(O)c1c[nH]c2ccccc12.Fc1ccc(CCl)cc1>>O=C(O)c1cn(Cc2ccc(F)cc2)c2ccccc12,SN2,DMSO_DIPEA,0.1761485869864281,0.1866435934954507,0.8294140581291186,0.7827761
O=C(O)c1c[nH]c2ccccc12.Fc1ccc(CCl)cc1>>O=C(O)c1cn(Cc2ccc(F)cc2)c2ccccc12,SN2,ACN_K2CO3,0.1833649122667611,0.1942898704551245,0.8294140581291186,0.7827761
Nc1ccc2c(c1)OCO2.BrCC1CC1>>c1cc2c(cc1NCC1CC1)OCO2,SN2,DMF_K2CO3,0.0418387010369077,0.0373773696834448,0.3132574814803145,0.35064757
CN1CCNCC1.O=[N+]([O-])c1cccc(CBr)c1>>CN1CCN(Cc2cccc([N+](=O)[O-])c2)CC1,SN2,ACN_K2CO3,0.6912170147411577,0.6178934588610336,0.3675615573337326,0.41117898
CN1CCNCC1.O=[N+]([O-])c1cccc(CBr)c1>>CN1CCN(Cc2cccc([N+](=O)[O-])c2)CC1,SN2,DMSO_K2CO3,0.7429229573883988,0.6641144908446547,0.3675615573337326,0.41117898
CN1CCNCC1.O=[N+]([O-])c1cccc(CBr)c1>>CN1CCN(Cc2cccc([N+](=O)[O-])c2)CC1,SN2,DMF_K2CO3,0.7995110328357938,0.7146997642433045,0.3675615573337326,0.41117898
NCc1cccs1.ClCc1ccccc1Cl>>Clc1ccccc1CNCc1cccs1,SN2,DMF_K2CO3,0.6536606368482687,0.6669572094735883,0.3424690820832042,0.33564156
CNCc1ccccc1.O=C(CCCl)c1ccccc1>>CN(CCC(=O)c1ccccc1)Cc1ccccc1,SN2,DMF_DIPEA,0.8353081702859495,0.647508312915986,0.3684651367450983,0.47533283
NCc1cccs1.ClCc1ccccc1Cl>>Clc1ccccc1CNCc1cccs1,SN2,DMF_Cs2CO3,0.6278413729382006,0.6406127376829175,0.3424690820832042,0.33564156
O=C(O)c1c[nH]c2ccccc12.Fc1ccc(CCl)cc1>>O=C(O)c1cn(Cc2ccc(F)cc2)c2ccccc12,SN2,DMF_Cs2CO3,0.5928184406394569,0.6281388113538645,0.8294140581291186,0.7827761
NCc1cccs1.ClCc1ccccc1Cl>>Clc1ccccc1CNCc1cccs1,SN2,ACN_K2CO3,0.543361713139626,0.5544146174653554,0.3424690820832042,0.33564156
CN1CCNCC1.N#Cc1ccc(CBr)cc1>>CN1CCN(Cc2ccc(C#N)cc2)CC1,SN2,ACN_K2CO3,0.5327685427591015,0.4591070043726708,0.3915126105677324,0.45432898
CN1CCNCC1.O=[N+]([O-])c1cccc(CBr)c1>>CN1CCN(Cc2cccc([N+](=O)[O-])c2)CC1,SN2,DMF_DIPEA,0.742891428935664,0.6640863068962023,0.3675615573337326,0.41117898
CN1CCNCC1.N#Cc1ccc(CBr)cc1>>CN1CCN(Cc2ccc(C#N)cc2)CC1,SN2,DMSO_DIPEA,0.8927935533863416,0.7693543085252535,0.3915126105677324,0.45432898
NCc1cccs1.ClCc1ccccc1Cl>>Clc1ccccc1CNCc1cccs1,SN2,ACN_DIPEA,0.5242682832132064,0.5349327945971374,0.3424690820832042,0.33564156
CN1CCNCC1.O=[N+]([O-])c1cccc(CBr)c1>>CN1CCN(Cc2cccc([N+](=O)[O-])c2)CC1,SN2,DMF_Cs2CO3,0.9146177269203176,0.81759606428965,0.3675615573337326,0.41117898
CN1CCNCC1.N#Cc1ccc(CBr)cc1>>CN1CCN(Cc2ccc(C#N)cc2)CC1,SN2,DMSO_K2CO3,1,0.9059258128472556,0.3915126105677324,0.45432898
NCc1cccs1.ClCc1ccccc1Cl>>Clc1ccccc1CNCc1cccs1,SN2,DMF_DIPEA,0.9570316465750436,0.9764993031479878,0.3424690820832042,0.33564156
O=C(O)c1c[nH]c2ccccc12.Fc1ccc(CCl)cc1>>O=C(O)c1cn(Cc2ccc(F)cc2)c2ccccc12,SN2,DMSO_K2CO3,0.4138466030217108,0.4385037567733012,0.8294140581291186,0.7827761
CN1CCNCC1.N#Cc1ccc(CBr)cc1>>CN1CCN(Cc2ccc(C#N)cc2)CC1,SN2,DMF_K2CO3,0.4351350821457586,0.3749725218887889,0.3915126105677324,0.45432898
CN1CCNCC1.N#Cc1ccc(CBr)cc1>>CN1CCN(Cc2ccc(C#N)cc2)CC1,SN2,DMF_DIPEA,0.4530446224140857,0.390405856859546,0.3915126105677324,0.45432898
CNCc1ccccc1.O=C(CCCl)c1ccccc1>>CN(CCC(=O)c1ccccc1)Cc1ccccc1,SN2,ACN_K2CO3,0.6743472336599602,0.5227357460627338,0.3684651367450983,0.47533283
CNCc1ccccc1.O=C(CCCl)c1ccccc1>>CN(CCC(=O)c1ccccc1)Cc1ccccc1,SN2,ACN_DIPEA,0.9318192192337535,0.722321069099793,0.3684651367450983,0.47533283
CN1CCNCC1.O=[N+]([O-])c1cccc(CBr)c1>>CN1CCN(Cc2cccc([N+](=O)[O-])c2)CC1,SN2,DMSO_DIPEA,0.928401686526937,0.8299178363185462,0.3675615573337326,0.41117898
Brc1ccncc1.CC1(C)OB(c2ccc(C=O)cc2)OC1(C)C>>O=Cc1ccc(-c2ccncc2)cc1,Suzuki,Xphos Pd G3,0.031288865292132,0.0277456109137847,0.771073258272204,0.8695432
Brc1ccccn1.CC1(C)OB(c2ccncc2)OC1(C)C>>c1ccc(-c2ccncc2)nc1,Suzuki,Xphos Pd G3,0.8574792313251827,0.8670172280616119,0.5016572671185394,0.49613857
O=C(O)c1ccc(Br)cc1.CCCCc1ccc(B(O)O)cc1>>CCCCc1ccc(-c2ccc(C(=O)O)cc2)cc1,Suzuki,Xphos Pd G3,1,0.9278452485398738,0.8999516508590671,0.97062284
O=Cc1ccc(Br)cc1.CC1(C)OB(c2cccnc2)OC1(C)C>>O=Cc1ccc(-c2cccnc2)cc1,Suzuki,Xphos Pd G3,1,0.940770356522111,0.7838543206184143,0.85109913
Brc1ccccn1.CC1(C)OB(c2cccnc2)OC1(C)C>>c1ccc(-c2cccnc2)nc1,Suzuki,Xphos Pd G3,0.8439218755809639,0.9201330294913108,0.4868219269423508,0.4465003
Brc1ccncc1.CC1(C)OB(c2ccncc2)OC1(C)C>>c1cc(-c2ccncc2)ccn1,Suzuki,Xphos Pd G3,0.8391657185799942,0.856597252523328,0.5535219289574217,0.5422579
Brc1ccc(-c2ccccc2)cc1.CC1(C)OB(c2ccc(N)cc2)OC1(C)C>>Nc1ccc(-c2ccc(-c3ccccc3)cc2)cc1,Suzuki,Xphos Pd G3,0.0012295256382271,0.0011439826335146,1.294583771198767,1.3913882
Clc1nc2ccccc2s1.CC1(C)OB(c2ccc(N)cc2)OC1(C)C>>Nc1ccc(-c2nc3ccccc3s2)cc1,Suzuki,Xphos Pd G3,0.1674344211572816,0.1722188088683699,1.3141660722795667,1.2776575
Brc1ccc(-c2ccccc2)cc1.CC1(C)OB(c2ccc(Nc3ccccc3)cc2)OC1(C)C>>c1ccc(Nc2ccc(-c3ccc(-c4ccccc4)cc3)cc2)cc1,Suzuki,Xphos Pd G3,0.3043199208769798,0.3262608316706352,2.0680355667549013,1.928961
Brc1ccccn1.OB(O)c1ccccn1>>c1ccc(-c2ccccn2)nc1,Suzuki,Xphos Pd G3,0.3181967682308421,0.3216273547611374,0.4381429105407222,0.43346953
CC(C)(C)c1ccc(Br)cc1.CC1(C)OB(c2ccc(N)cc2)OC1(C)C>>CC(C)(C)c1ccc(-c2ccc(N)cc2)cc1,Suzuki,Xphos Pd G3,0.3318424816837494,0.3061691437629698,0.867614844981086,0.94036746
Brc1ccccn1.CC1(C)OB(c2ccc(O)cc2)OC1(C)C>>Oc1ccc(-c2ccccn2)cc1,Suzuki,Xphos Pd G3,0.6049954036172421,0.589907309862577,0.6230599586647162,0.638996
O=C(O)c1ccc(Br)cc1.CC1(C)OB(c2ccc([N+](=O)[O-])cc2)OC1(C)C>>O=C(O)c1ccc(-c2ccc([N+](=O)[O-])cc2)cc1,Suzuki,Xphos Pd G3,0.1519907043124285,0.2039130724840188,1.3535720304590722,1.0089118
COc1c(Br)cccc1[N+](=O)[O-].CC1(C)OB(c2cccc(C(=O)O)c2)OC1(C)C>>COc1c(-c2cccc(C(=O)O)c2)cccc1[N+](=O)[O-],Suzuki,Xphos Pd G3,0.5269999490237809,0.5689865468000456,0.9720618926559672,0.9003316
Clc1nc2ccccc2s1.CC1(C)OB(c2ccccc2O)OC1(C)C>>Oc1ccccc1-c1nc2ccccc2s1,Suzuki,Xphos Pd G3,0.5090062376579604,0.5080968533905701,1.068963984177311,1.0708774
O=C(O)c1ccccc1.O=C1CCNCC1>>O=C1CCN(C(=O)c2ccccc2)CC1,amide_coupling,HATU,0.8559083027488604,0.7156797131592596,0.2711840236556556,0.32431915
O=C(O)c1cccc(Cl)c1.CNC>>CN(C)C(=O)c1cccc(Cl)c1,amide_coupling,HATU,0.1384487182956967,0.1491365185723765,0.393918013537047,0.365688
O=C(O)c1cccnc1.CNOC>>CON(C)C(=O)c1cccnc1,amide_coupling,HATU,0.8904731070545342,1,0.2670990054244961,0.20838861
O=C(O)c1ccccc1.NC(Cc1ccccc1)C(=O)O>>O=C(NC(Cc1ccccc1)C(=O)O)c1ccccc1,amide_coupling,HATU,0.0743541582972756,0.0697353433394691,0.5067495692314729,0.54031324
N#Cc1ccc(C(=O)O)cc1.CNOC>>CON(C)C(=O)c1ccc(C#N)cc1,amide_coupling,HATU,0.8476906210040748,0.972861912497096,0.5217059048446694,0.45458168
O=C(O)c1ccccc1.C1CCNC1>>O=C(c1ccccc1)N1CCCC1,amide_coupling,HATU,0.491192198154209,0.5334995290886586,0.3268875110804604,0.30096483
O=C(O)c1ccncc1.CC(C)NN>>CC(C)NNC(=O)c1ccncc1,amide_coupling,HATU,0.4639735146170256,0.4712789127215716,0.2747702442159824,0.27051097
O=C(O)c1ccc(F)cc1.CNC>>CN(C)C(=O)c1ccc(F)cc1,amide_coupling,HATU,0.1868872663209106,0.2421483457830999,0.2998788043651813,0.23144296
O=C(O)c1n[nH]c2ccccc12.CNOC>>CON(C)C(=O)c1n[nH]c2ccccc12,amide_coupling,HATU,0.3421771272514176,0.3363075589950196,0.5385910226116457,0.5479911
O=C(O)c1ccc(F)cc1.CNOC>>CON(C)C(=O)c1ccc(F)cc1,amide_coupling,HATU,0.9611106850721444,1,0.3006961995422902,0.22655657
O=C(O)c1ccccc1.NNC(=O)c1ccccc1>>O=C(NNC(=O)c1ccccc1)c1ccccc1,amide_coupling,HATU,0.0102585820117218,0.0091204381097132,0.8298051523199922,0.93335694
O=C(O)c1cccc(Cl)c1.CNOC>>CON(C)C(=O)c1cccc(Cl)c1,amide_coupling,HATU,0.8456001700364671,0.9695993964564265,0.4204604564550774,0.36668903
O=C(O)c1ccc(Cl)cc1.CNC>>CN(C)C(=O)c1ccc(Cl)cc1,amide_coupling,HATU,0.1379420164208737,0.1536159643391779,0.4189459492435362,0.37619945
Cc1cccc(C(=O)O)c1.NCC(=O)O>>Cc1cccc(C(=O)NCC(=O)O)c1,amide_coupling,HATU,0.2913375523629104,0.3266205310575538,0.4714109758668294,0.42048708
O=C(O)c1ccccc1.CNC>>CN(C)C(=O)c1ccccc1,amide_coupling,HATU,0.0716486021636527,0.0744552265008952,0.2894894701604394,0.278577
O=C(O)c1ccc(Cl)cc1.CNOC>>CON(C)C(=O)c1ccc(Cl)cc1,amide_coupling,HATU,0.712504815090295,0.8519931308087206,0.4413957047915487,0.36913046
COc1ccc(C(=O)O)cc1.CNOC>>COc1ccc(C(=O)N(C)OC)cc1,amide_coupling,HATU,0.7214795084233617,0.8845636725047386,0.522799395710405,0.42641264
O=C(O)c1ccncc1.CNOC>>CON(C)C(=O)c1ccncc1,amide_coupling,HATU,0.7274265801044774,0.8147161444133311,0.2341933919934508,0.2091016
O=C(O)c1ccc(Cl)cc1.NCC(=O)O>>O=C(O)CNC(=O)c1ccc(Cl)cc1,amide_coupling,HATU,0.0560622695017986,0.0685132850412225,0.5769019404308833,0.47206074
CC(C)(C)C(=O)O.Cc1ccc(N)c(C)c1>>Cc1ccc(NC(=O)C(C)(C)C)c(C)c1,amide_coupling,HATU,0.6632059252349899,0.5369053336609984,0.3998327282832519,0.49388856
O=C(O)c1ccco1.CNOC>>CON(C)C(=O)c1ccco1,amide_coupling,HATU,0.671761051874246,1,0.3722080258313986,0.24769008
Nc1cccc(C(=O)O)c1.CNC>>CN(C)C(=O)c1cccc(N)c1,amide_coupling,HATU,0.0865023725395322,0.1043608921723862,0.5667091873776996,0.46973237
O=C(O)c1ccc(Br)cc1F.CNC>>CN(C)C(=O)c1ccc(Br)cc1F,amide_coupling,HATU,0.0475223139058254,0.0549739369072602,0.4409176988347464,0.38115206
O=C(O)c1ccc(F)cc1.CC(N)C(=O)O>>CC(NC(=O)c1ccc(F)cc1)C(=O)O,amide_coupling,HATU,0.091087075512363,0.1025810333316974,0.3488350806367877,0.30974895
O=C(O)c1cccnc1Cl.CNOC>>CON(C)C(=O)c1cccnc1Cl,amide_coupling,HATU,0.8260665976456694,1,0.2922895458121262,0.17826964
O=C(O)c1ccccc1.NC(Cc1c[nH]c2ccccc12)C(=O)O>>O=C(NC(Cc1c[nH]c2ccccc12)C(=O)O)c1ccccc1,amide_coupling,HATU,0.1320777038164859,0.1419555304516415,0.9222573070137275,0.858083
O=C(O)c1cccc(Cl)c1.NCC(=O)O>>O=C(O)CNC(=O)c1cccc(Cl)c1,amide_coupling,HATU,0.0329130355403079,0.0364438562271147,0.5218131293300236,0.4712578
O=C(O)c1cccnc1Cl.CNC>>CN(C)C(=O)c1cccnc1Cl,amide_coupling,HATU,0.053470415824733,0.0975927481074209,0.335875470080415,0.18402393
O=C(O)c1ccccc1.CC(C)NC(C)C>>CC(C)N(C(=O)c1ccccc1)C(C)C,amide_coupling,HATU,0.2752775470085596,0.2944237826639044,0.2927951888901807,0.27375478
