,CAS,SMILES,Exp. CF,Pred. CF,Exp. Conc. (mmol/ml),Pred. Conc. (mmol/ml)
0,90098-04-7,O=C(NC(Cc1cc(=O)[nH]c2ccccc12)C(=O)O)c1ccc(Cl)cc1,1.02449,1.1299069,0.0010248333297374,0.0009292193782725
1,41859-67-0,CC(C)(Oc1ccc(CCNC(=O)c2ccc(Cl)cc2)cc1)C(=O)O,0.71388,0.8059367,0.0011828922821806,0.0010477762003453
2,128-37-0,Cc1cc(C(C)(C)C)c(O)c(C(C)(C)C)c1,0.4086,0.4727416,0.0018333968668881,0.0015846434452234
3,57149-07-2,COc1ccccc1N1CCN(CC(O)COc2cccc3ccccc23)CC1,1.15238,1.1111081,0.0011006397468528,0.0011415243993514
4,69-72-7,O=C(O)c1ccccc1O,0.40759,0.3873018,0.0031276697412432,0.0030172176964587
5,95-25-0,O=c1[nH]c2cc(Cl)ccc2o1,0.51927,0.49032155,0.0023825390553586,0.0025231816065308
6,59-06-3,CCOc1cc(NC(C)=O)ccc1C(=O)OC,0.72046,0.68426824,0.0016859497165497,0.0017751252535057
7,480-41-1,O=C1C[C@@H](c2ccc(O)cc2)Oc2cc(O)cc(O)c21,1.11917,0.9169839,0.0015867418899858,0.0019366018750594
8,57-41-0,O=C1NC(=O)C(c2ccccc2)(c2ccccc2)N1,0.51164,0.5370158,0.0015855838714408,0.0015106617297261
9,103-84-4,CC(=O)Nc1ccccc1,0.36331,0.41510767,0.003196070017608,0.0027972639403923
10,4105-38-8,CC(=O)OC[C@H]1O[C@@H](n2ccc(=O)[nH]c2=O)[C@H](OC(C)=O)[C@@H]1OC(C)=O,0.31297,0.32297868,0.0010801644010218,0.0011095094996453
11,284461-73-0,CNC(=O)c1cc(Oc2ccc(NC(=O)Nc3ccc(Cl)c(C(F)(F)F)c3)cc2)ccn1,1.48597,1.5471959,0.0009293700291073,0.0008925905294602
12,552-94-3,O=C(Oc1ccccc1C(=O)O)c1ccccc1O,0.71696,0.66956097,0.0016264633329331,0.0017416106376994
13,"198904-31-3
",COC(=O)N[C@H](C(=O)N[C@@H](Cc1ccccc1)[C@@H](O)CN(Cc1ccc(-c2ccccn2)cc1)NC(=O)[C@@H](NC(=O)OC)C(C)(C)C)C(C)(C)C,0.9222,0.94044524,0.0005958554000814,0.000584292956176
14,"68-96-2
",CC(=O)[C@@]1(O)CC[C@H]2[C@@H]3CCC4=CC(=O)CC[C@]4(C)[C@H]3CC[C@@]21C,0.31959,0.28048062,0.0012225086846532,0.0013653711319713
15,64506-49-6,CC(C)=CCOc1ccc(/C=C/C(=O)c2ccc(OCC=C(C)C)cc2OCC(=O)O)cc1,1.57265,1.7849097,0.000825692349694,0.0007275036947886
16,101-20-2,O=C(Nc1ccc(Cl)cc1)Nc1ccc(Cl)c(Cl)c1,1.06302,1.0855864,0.001343528092095,0.0013156030273175
17,"152459-95-5
",Cc1ccc(NC(=O)c2ccc(CN3CCN(C)CC3)cc2)cc1Nc1nccc(-c2cccnc2)n1,1.495,1.7924231,0.0008751759974879,0.0007299551780127
18,7085-55-4,C[C@@H]1O[C@@H](OC[C@H]2O[C@@H](Oc3c(-c4ccc(OCCO)c(OCCO)c4)oc4cc(OCCO)cc(O)c4c3=O)[C@H](O)[C@@H](O)[C@@H]2O)[C@H](O)[C@H](O)[C@H]1O,1.18736,1.5353562,0.000570905369742,0.0004415086368033
19,58-39-9,OCCN1CCN(CCCN2c3ccccc3Sc3ccc(Cl)cc32)CC1,0.6742,0.95056236,0.0009208399446505,0.0006531142564075
20,53-16-7,C[C@]12CC[C@@H]3c4ccc(O)cc4CC[C@H]3[C@@H]1CCC2=O,0.38614,0.34655803,0.001494237568979,0.0016649162237096
21,58306-30-2,COCC(=O)Nc1cc(Sc2ccccc2)ccc1N=C(NC(=O)OC)NC(=O)OC,1.42782,1.3684989,0.0008331746867195,0.0008692880259178
22,79794-75-5,CCOC(=O)N1CCC(=C2c3ccc(Cl)cc3CCc3cccnc32)CC1,0.92687,0.7935347,0.00108647108446,0.0012690221600627
23,364-62-5,CCN(CC)CCNC(=O)c1cc(Cl)c(N)cc1OC,0.76089,0.80058694,0.0013342139145169,0.0012680514362848
24,126-07-8,COC1=CC(=O)C[C@@H](C)[C@]12Oc1c(Cl)c(OC)cc(OC)c1C2=O,1.05245,1.0066158,0.0011792385973863,0.0012329354260065
25,378-44-9,C[C@H]1C[C@H]2[C@@H]3CCC4=CC(=O)C=C[C@]4(C)[C@@]3(F)[C@@H](O)C[C@]2(C)[C@@]1(O)C(=O)CO,0.36723,0.3059571,0.0010599617292664,0.0012722309400177
26,4394-00-7,O=C(O)c1cccnc1Nc1cccc(C(F)(F)F)c1,0.87089,0.8928301,0.0013181159445966,0.0012857212464798
27,75330-75-5,CC[C@H](C)C(=O)O[C@H]1C[C@@H](C)C=C2C=C[C@H](C)[C@H](CC[C@@H]3C[C@@H](O)CC(=O)O3)[C@H]21,0.30454,0.36415288,0.0009195470489213,0.0007690114325833
28,5786-21-0,CN1CCN(C2=Nc3cc(Cl)ccc3Nc3ccccc32)CC1,0.96109,1.3749045,0.0013217840412935,0.0009239613768868
29,97-77-8,CCN(CC)C(=S)SSC(=S)N(CC)CC,0.58899,0.69426763,0.0014567428309369,0.0011786360094013
30,155213-67-5,CC(C)c1nc(CN(C)C(=O)N[C@H](C(=O)N[C@@H](Cc2ccccc2)C[C@H](O)[C@H](Cc2ccccc2)NC(=O)OCc2cncs2)C(C)C)cs1,0.69688,0.53586876,0.0005603624046759,0.0007287383302127
31,50-33-9,CCCCC1C(=O)N(c2ccccc2)N(c2ccccc2)C1=O,0.63138,0.58158267,0.0012452129022216,0.001351822831679
32,522-66-7,CC[C@H]1CN2CC[C@H]1C[C@H]2[C@H](O)c1ccnc2ccc(OC)cc12,0.63788,0.83973604,0.0011640730302658,0.0008842553629386
33,90729-43-4,CC(C)(C)c1ccc(C(=O)CCCN2CCC(OC(c3ccccc3)c3ccccc3)CC2)cc1,1.16078,0.8543057,0.0008005638013153,0.001087758092057
34,3286-46-2,C/C(=C(\CCOC(=O)C(C)C)SS/C(CCOC(=O)C(C)C)=C(/C)N(C=O)Cc1cnc(C)nc1N)N(C=O)Cc1cnc(C)nc1N,1.0042,1.1254098,0.0005463050430784,0.0005128566874079
35,7681-93-8,C[C@@H]1C/C=C/C=C/C=C/C=C/[C@H](O[C@@H]2O[C@H](C)[C@@H](O)[C@H](N)[C@@H]2O)C[C@@H]2O[C@](O)(C[C@@H](O)C[C@H]3O[C@@H]3/C=C/C(=O)O1)C[C@H](O)[C@H]2C(=O)O,0.84043,1.1323206,0.0006429003819849,0.0004771731018628
36,1177-87-3,CC(=O)OCC(=O)[C@@]1(O)[C@H](C)C[C@H]2[C@@H]3CCC4=CC(=O)C=C[C@]4(C)[C@@]3(F)[C@@H](O)C[C@@]21C,0.38503,0.3383128,0.0009113840148767,0.0010372476392204
37,110871-86-8,C[C@@H]1CN(c2c(F)c(N)c3c(=O)c(C(=O)O)cn(C4CC4)c3c2F)C[C@H](C)N1,1.12709,1.1137432,0.0011009005978501,0.001114093500677
38,95233-18-4,O=C1C(=O)c2ccccc2C(O)=C1C1CCC(c2ccc(Cl)cc2)CC1,1.20835,0.96052635,0.0010140550206627,0.0012756896027136
39,298-57-7,C(=C/c1ccccc1)\CN1CCN(C(c2ccccc2)c2ccccc2)CC1,1.14146,0.98593336,0.0011288274305065,0.0013068991403131
40,3605-01-4,c1cnc(N2CCN(Cc3ccc4c(c3)OCO4)CC2)nc1,0.7286,0.5786683,0.0013407251982597,0.0016543371230097
41,84371-65-3,CC#C[C@]1(O)CC[C@H]2[C@@H]3CCC4=CC(=O)CCC4=C3[C@@H](c3ccc(N(C)C)cc3)C[C@@]21C,1.0349,1.1028843,0.0010055772292622,0.0009435879101404
42,13241-33-3,COc1ccc([C@@H]2CC(=O)c3c(O)cc(O[C@@H]4O[C@H](CO)[C@@H](O)[C@H](O)[C@H]4O[C@@H]4O[C@@H](C)[C@H](O)[C@@H](O)[C@H]4O)cc3O2)cc1O,1.03914,1.0379081,0.0006092717401095,0.0006099973731434
43,"55268-74-1
",O=C(C1CCCCC1)N1CC(=O)N2CCc3ccccc3C2C1,0.46527,0.36408675,0.0012291421931865,0.0015707353587659
44,3681-99-0,O=c1c(-c2ccc(O)cc2)coc2c([C@@H]3O[C@H](CO)[C@@H](O)[C@H](O)[C@H]3O)c(O)ccc12,1.3196,1.1985958,0.0010375088260299,0.0011422482088013
45,50-91-9,O=c1[nH]c(=O)n([C@H]2C[C@H](O)[C@@H](CO)O2)cc1F,0.25619,0.23870887,0.0015272508672022,0.0017611435777995
46,864070-44-0,OC[C@H]1O[C@@H](c2ccc(Cl)c(Cc3ccc(O[C@H]4CCOC4)cc3)c2)[C@H](O)[C@@H](O)[C@@H]1O,0.75154,0.65491104,0.0009225685550491,0.0010586955447734
47,135062-02-1,CCOc1cc(CC(=O)N[C@@H](CC(C)C)c2ccccc2N2CCCCC2)ccc1C(=O)O,0.81426,1.009523,0.0008130889647477,0.0007057229669417
48,68302-57-8,CC(C)c1ccc2oc3nc(N)c(C(=O)O)cc3c(=O)c2c1,1.5929,1.2736145,0.0014348068039343,0.0017945021168771
49,302962-49-8,Cc1nc(Nc2ncc(C(=O)Nc3c(C)cccc3Cl)s2)cc(N2CCN(CCO)CC2)n1,1.60658,1.4789717,0.0007786613990906,0.0008458432635944
50,97-18-7,Oc1c(Cl)cc(Cl)cc1Sc1cc(Cl)cc(Cl)c1O,1.02018,1.0617151,0.0012132888835214,0.0011658250479827
51,69004-03-1,Cc1cc(-n2c(=O)[nH]c(=O)n(C)c2=O)ccc1Oc1ccc(SC(F)(F)F)cc1,0.96039,1.1320014,0.0010061402766415,0.0007977692129951
52,81110-73-8,CC(=O)SCC(Cc1ccccc1)C(=O)NCC(=O)OCc1ccccc1,0.42157,0.39730656,0.0009961477100276,0.0011450765865296
53,105816-04-4,CC(C)C1CCC(C(=O)N[C@H](Cc2ccccc2)C(=O)O)CC1,0.25614,0.1920183,0.0013609342561643,0.0018154218517579
54,51-48-9,N[C@@H](Cc1cc(I)c(Oc2cc(I)c(O)c(I)c2)c(I)c1)C(=O)O,0.76602,1.3787296,0.0005303318950869,0.0002946521388013
55,154229-18-2,CC(=O)O[C@H]1CC[C@@]2(C)C(=CC[C@@H]3[C@@H]2CC[C@]2(C)C(c4cccnc4)=CC[C@@H]32)C1,0.42473,0.47010428,0.0010522148867975,0.0009506525944114
56,57808-65-8,Cc1cc(C(C#N)c2ccc(Cl)cc2)c(Cl)cc1NC(=O)c1cc(I)cc(I)c1O,1.96521,1.5457721,0.0006032454605779,0.0007669325888033
57,10236-47-2,C[C@@H]1O[C@@H](O[C@H]2[C@H](Oc3cc(O)c4c(c3)O[C@H](c3ccc(O)cc3)CC4=O)O[C@H](CO)[C@@H](O)[C@@H]2O)[C@H](O)[C@H](O)[C@H]1O,0.87149,0.8799957,0.0006821247151354,0.0006755315318509
58,22839-47-0,COC(=O)[C@H](Cc1ccccc1)NC(=O)[C@@H](N)CC(=O)O,0.22215,0.23674414,0.0014678549949542,0.0013773632060558
59,131-57-7,COc1ccc(C(=O)c2ccccc2)c(O)c1,0.95508,0.779837,0.001857636683067,0.0022750732278471
60,117467-28-4,CO/N=C(\C(=O)N[C@@H]1C(=O)N2C(C(=O)OCOC(=O)C(C)(C)C)=C(/C=C\c3scnc3C)CS[C@H]12)c1csc(N)n1,1.21967,1.9190385,0.0006701732623422,0.000425937745038
61, 50-04-4,CC(=O)OCC(=O)[C@@]1(O)CC[C@H]2[C@@H]3CCC4=CC(=O)CC[C@]4(C)[C@H]3C(=O)C[C@@]21C,0.3682,0.29450017,0.0010534501735459,0.0013170820619392
62,630-56-8,CCCCCC(=O)O[C@]1(C(C)=O)CC[C@H]2[C@@H]3CCC4=CC(=O)CC[C@]4(C)[C@H]3CC[C@@]21C,0.29679,0.28342056,0.0009892373773077,0.0009870255604223
63,18916-17-1,C[C@@H]1O[C@@H](O[C@H]2[C@H](Oc3cc(O)c(C(=O)CCc4ccc(O)cc4)c(O)c3)O[C@H](CO)[C@@H](O)[C@@H]2O)[C@H](O)[C@H](O)[C@H]1O,0.91296,0.9391879,0.0007278282737252,0.0007075037798642
64,128794-94-5,COc1c(C)c2c(c(O)c1C/C=C(\C)CCC(=O)OCCN1CCOCC1)C(=O)OC2,0.66594,0.7685375,0.0008858111053953,0.0007675605696028
65,50-24-8,C[C@]12C=CC(=O)C=C1CC[C@@H]1[C@@H]2[C@@H](O)C[C@@]2(C)[C@H]1CC[C@]2(O)C(=O)CO,0.40158,0.36221588,0.0011763073935358,0.0013041442264767
66,6990-06-3,CC(=O)O[C@H]1C[C@@]2(C)[C@@H](C[C@@H](O)[C@H]3[C@@]4(C)CC[C@@H](O)[C@@H](C)[C@@H]4CC[C@@]32C)/C1=C(\CCC=C(C)C)C(=O)O,0.2213,0.12302832,0.0007586328352547,0.0013646130132349
67,73536-69-3,COC(=O)c1cc(OC)c2c(c1-c1c(C(=O)OC)cc(OC)c3c1OCO3)OCO2,1.20716,1.1654987,0.0010134957476204,0.0010497263485413
68,35607-66-0,CO[C@@]1(NC(=O)Cc2cccs2)C(=O)N2C(C(=O)O)=C(COC(N)=O)CS[C@@H]21,0.46482,0.39719826,0.0010106208768071,0.001182666726827
69,495-69-2,O=C(O)CNC(=O)c1ccccc1,0.37211,0.38017574,0.0022994279335844,0.002250619057647
70,62-44-2,CCOc1ccc(NC(C)=O)cc1,0.50335,0.5106861,0.0023658205882188,0.002331835285097
71,1195-16-0,CC(=O)NC1CCSC1=O,0.12223,0.10006235,0.0025626530996796,0.0029462071165026
72,491-67-8,O=c1cc(-c2ccccc2)oc2cc(O)c(O)c(O)c12,1.06164,1.2151937,0.0013765541740674,0.0012026116914703
73,165800-03-3,CC(=O)NC[C@H]1CN(c2ccc(N3CCOCC3)c(F)c2)C(=O)O1,0.42029,0.5783215,0.0011027090478463,0.0008013746298703
74,60-80-0,Cc1cc(=O)n(-c2ccccc2)n1C,0.47037,0.42058858,0.0020400573766137,0.0022815070655004
75,17692-31-8,OCC(O)CN1CCN(c2ccccc2)CC1,0.36505,0.40441063,0.0017434356684933,0.0015737409541531
76,1508-75-4,CCN(Cc1ccncc1)C(=O)C(CO)c1ccccc1,0.38228,0.26358607,0.0014348060022717,0.001876882805258
77,106266-06-2,Cc1nc2n(c(=O)c1CCN1CCC(c3noc4cc(F)ccc34)CC1)CCCC2,0.70315,0.7442062,0.0009744380537548,0.0009206743483055
78,77191-36-7,Cc1cccc(C)c1NC(=O)CN1CCCC1=O,0.40689,0.43190476,0.001656449190045,0.0015605074645669
79,49562-28-9,CC(C)OC(=O)C(C)(C)Oc1ccc(C(=O)c2ccc(Cl)cc2)cc1,0.94516,0.92751074,0.0011639604586004,0.0011861032779939
80,112885-41-3,CCOc1cc(N)c(Cl)cc1C(=O)NCC1CN(Cc2ccc(F)cc2)CCO1,0.91663,0.86273694,0.0009954965631666,0.0010576799084163
81,21256-18-8,O=C(O)CCc1nc(-c2ccccc2)c(-c2ccccc2)o1,0.98247,0.86109495,0.0014045997231711,0.0016025788455511
82,50-23-7,C[C@]12CCC(=O)C=C1CC[C@@H]1[C@@H]2[C@@H](O)C[C@@]2(C)[C@H]1CC[C@]2(O)C(=O)CO,0.33069,0.2682603,0.001048374192338,0.0012923453921495
83,14222-60-7,CCCc1cc(C(N)=S)ccn1,0.50208,0.50222564,0.0023519492333976,0.0023512589012462
84,163222-33-1,O=C1[C@H](CC[C@H](O)c2ccc(F)cc2)[C@@H](c2ccc(O)cc2)N1c1ccc(F)cc1,0.80587,0.7318694,0.0009769632075656,0.0010757464240562
85,93413-62-8,CN(C)CC(c1ccc(O)cc1)C1(O)CCCCC1,0.26239,0.317122,0.0016098351817329,0.0013319804660354
86,68767-14-6,CC(C(=O)O)c1ccc(CC2CCCC2=O)cc1,0.33565,0.27936497,0.001623996167369,0.0017755784259362
87,122320-73-4,CN(CCOc1ccc(CC2SC(=O)NC2=O)cc1)c1ccccn1,0.94319,0.7616225,0.0011190845888063,0.0013304361191231
88,1247-42-3,C[C@H]1C[C@H]2[C@@H]3CCC4=CC(=O)C=C[C@]4(C)[C@H]3C(=O)C[C@]2(C)[C@@]1(O)C(=O)CO,0.39657,0.30918688,0.0010954167013459,0.0014050067092777
89,638-94-8,CC1(C)O[C@@H]2C[C@H]3[C@@H]4CCC5=CC(=O)C=C[C@]5(C)[C@H]4[C@@H](O)C[C@]3(C)[C@]2(C(=O)CO)O1,0.39232,0.3036594,0.0009603518729262,0.0012283326258983
90,3093-35-4,CC1(C)O[C@@H]2C[C@H]3[C@@H]4CCC5=CC(=O)CC[C@]5(C)[C@@]4(F)[C@@H](O)C[C@]3(C)[C@]2(C(=O)CCl)O1,0.28377,0.3004202,0.0008791865765793,0.00083046404518
91,85650-52-8,CN1CCN2c3ncccc3Cc3ccccc3C2C1,0.51781,0.514187,0.001386795296955,0.0013965751571157
92,95635-55-5,COc1ccccc1OCC(O)CN1CCN(CC(=O)Nc2c(C)cccc2C)CC1,0.78473,0.8374918,0.000898151071817,0.0008415697809441
93,84057-95-4,CCCN1CCCC[C@H]1C(=O)Nc1c(C)cccc1C,0.40199,0.47732422,0.001574298125419,0.0013258473191373
94,120014-06-4,COc1cc2c(cc1OC)C(=O)C(CC1CCN(Cc3ccccc3)CC1)C2,0.76556,0.88201207,0.0010540184453227,0.0009148527332342
95,5534-09-8,CCC(=O)OCC(=O)[C@@]1(OC(=O)CC)[C@@H](C)C[C@H]2[C@@H]3CCC4=CC(=O)C=C[C@]4(C)[C@@]3(Cl)[C@@H](O)C[C@@]21C,0.3482,0.3341571,0.0007369734190576,0.0007679375175438
96,164656-23-9,C[C@]12C=CC(=O)N[C@@H]1CC[C@@H]1[C@@H]2CC[C@]2(C)[C@@H](C(=O)Nc3cc(C(F)(F)F)ccc3C(F)(F)F)CC[C@@H]12,0.58786,0.5517639,0.0007265338093643,0.0007740649107627
97,81098-60-4,COc1cc(N)c(Cl)cc1C(=O)N[C@@H]1CCN(CCCOc2ccc(F)cc2)C[C@@H]1OC,0.88261,1.0426776,0.0007897792266601,0.0006685340335359
98,220119-17-5,CO[C@H]1C[C@H](O[C@@H]2/C(C)=C/C[C@@H]3C[C@@H](C[C@]4(CC[C@H](C)[C@@H](C5CCCCC5)O4)O3)OC(=O)[C@@H]3C=C(C)/C(=N/O)[C@H]4OC/C(=C\C=C\[C@@H]2C)[C@]43O)O[C@@H](C)[C@@H]1O,0.92374,0.49780434,0.0004987187862431,0.000925440340691
99,107724-20-9,COC(=O)[C@@H]1CC2=CC(=O)CC[C@]2(C)[C@@]23O[C@@H]2C[C@@]2(C)[C@@H](CC[C@@]24CCC(=O)O4)[C@H]13,0.35899,0.218649,0.001022924115436,0.0016794880635989
100,52-21-1,CC(=O)OCC(=O)[C@@]1(O)CC[C@H]2[C@@H]3CCC4=CC(=O)C=C[C@]4(C)[C@H]3[C@@H](O)C[C@@]21C,0.44436,0.33586395,0.0009938209184396,0.0013148582000362
101,25122-46-7,CCC(=O)O[C@]1(C(=O)CCl)[C@@H](C)C[C@H]2[C@@H]3CCC4=CC(=O)C=C[C@]4(C)[C@@]3(F)[C@@H](O)C[C@@]21C,0.3833,0.34852266,0.0009250990948162,0.001017398456335
102,915087-33-1,CNC(=O)c1ccc(N2C(=S)N(c3ccc(C#N)c(C(F)(F)F)c3)C(=O)C2(C)C)cc1F,1.30395,1.2286435,0.0008267950495646,0.0008774720296959
103,123447-62-1,Cc1oc(=O)oc1CN1CCN(c2cc3c(cc2F)c(=O)c(C(=O)O)c2n3C(C)S2)CC1,1.43072,1.2823488,0.0009274688983706,0.0010347803777859
104,763113-22-0,O=C(c1cc(Cc2n[nH]c(=O)c3ccccc23)ccc1F)N1CCN(C(=O)C2CC2)CC1,1.1361,0.9254503,0.0008838334434289,0.0010850121688808
105,144598-75-4,Cc1nc2n(c(=O)c1CCN1CCC(c3noc4cc(F)ccc34)CC1)CCCC2O,0.66351,0.761631,0.0009378839462404,0.0008170569212675
106,427-51-0,CC(=O)O[C@]1(C(C)=O)CC[C@H]2[C@@H]3C=C(Cl)C4=CC(=O)[C@@H]5C[C@@H]5[C@]4(C)[C@H]3CC[C@@]21C,0.53212,0.6064728,0.0009209847821655,0.0008080699655318
107,162401-32-3,O=C(Nc1c(Cl)cncc1Cl)c1ccc(OC(F)F)c(OCC2CC2)c1,0.83387,0.8987279,0.0009721932878981,0.0009020354590199
108,64-86-8,COc1cc2c(c(OC)c1OC)-c1ccc(OC)c(=O)cc1[C@@H](NC(C)=O)CC2,1.52144,1.3172615,0.0009513247196721,0.0010987798896448
109,73573-88-3,CC[C@H](C)C(=O)O[C@H]1CCC=C2C=C[C@H](C)[C@H](CC[C@@H]3C[C@@H](O)CC(=O)O3)[C@H]21,0.30284,0.38135916,0.0009935470654511,0.0008133953533194
110,73573-88-3,CC[C@H](C)C(=O)O[C@H]1CCC=C2C=C[C@H](C)[C@H](CC[C@@H]3C[C@@H](O)CC(=O)O3)[C@H]21,0.30284,0.38135913,0.0009935470654511,0.0008133953533194
111,595-33-5,CC(=O)O[C@]1(C(C)=O)CC[C@H]2[C@@H]3C=C(C)C4=CC(=O)CC[C@]4(C)[C@H]3CC[C@@]21C,0.55145,0.6157192,0.0010506714935139,0.0009410034924818
112,50-50-0,C[C@]12CC[C@@H]3c4ccc(OC(=O)c5ccccc5)cc4CC[C@H]3[C@@H]1CC[C@@H]2O,0.8296,0.74332976,0.0010836768518125,0.0012094473345774
113,52-86-8,O=C(CCCN1CCC(O)(c2ccc(Cl)cc2)CC1)c1ccc(F)cc1,0.65098,0.6129199,0.0010322690497537,0.0010963639664892
114,112811-59-3,COc1c(N2CCNC(C)C2)c(F)cc2c(=O)c(C(=O)O)cn(C3CC3)c12,0.99267,1.0650659,0.0010335641981885,0.0009633104553326
115,98319-26-7,CC(C)(C)NC(=O)[C@H]1CC[C@H]2[C@@H]3CC[C@H]4NC(=O)C=C[C@]4(C)[C@H]3CC[C@]12C,0.23876,0.1744516,0.0010951461939643,0.0014988530731913
116,56-47-3,CC(=O)OCC(=O)[C@H]1CC[C@H]2[C@@H]3CCC4=CC(=O)CC[C@]4(C)[C@H]3CC[C@]12C,0.28145,0.28285822,0.0010093824243969,0.0010043500353581
117,483-14-7,COc1cc2c(cc1OC)[C@@H]1Cc3ccc(OC)c(OC)c3CN1CC2,0.9461,0.91592443,0.0011478924357264,0.0011857068523324
118,74011-58-8,CCn1cc(C(=O)O)c(=O)c2cc(F)c(N3CCNCC3)nc21,0.68218,1.0843515,0.0012737103682521,0.0008013056095156
119,42017-89-0,CC(C)(Oc1ccc(C(=O)c2ccc(Cl)cc2)cc1)C(=O)O,1.0388,0.88910335,0.0012172319893586,0.0014221706969935
120,5003-48-5,CC(=O)Nc1ccc(OC(=O)c2ccccc2OC(C)=O)cc1,0.875,0.7924663,0.001238394045495,0.0013673706670071
121,65928-58-7,C[C@]12CCC3=C4CCC(=O)C=C4CC[C@H]3[C@@H]1CC[C@@]2(O)CC#N,0.6404,0.62299013,0.0013486393192582,0.0013863256735962
122,100643-71-8,Clc1ccc2c(c1)CCc1cccnc1C2=C1CCNCC1,0.69906,0.74063253,0.001209672230301,0.0011417747992873
123,850-52-2,C=CC[C@]1(O)CC[C@H]2[C@@H]3CCC4=CC(=O)CCC4=C3C=C[C@@]21C,0.9327,0.9337858,0.0013915866987504,0.0013899651544227
124,133865-89-1,C[C@H](NCc1ccc(OCc2cccc(F)c2)cc1)C(N)=O,0.44677,0.34336504,0.00134943393231,0.0017558268654772
125,520-33-2,COc1ccc([C@@H]2CC(=O)c3c(O)cc(O)cc3O2)cc1O,1.18726,1.075881,0.0013894310610621,0.0015332671813137
126,68-22-4,C#C[C@]1(O)CC[C@H]2[C@@H]3CCC4=CC(=O)CC[C@@H]4[C@H]3CC[C@@]21C,0.26807,0.26618633,0.0014475950486887,0.0013768673747502
127,1018899-04-1,CCOc1ccc(Cc2cc([C@@H]3O[C@H](SC)[C@@H](O)[C@H](O)[C@H]3O)ccc2Cl)cc1,0.75884,0.8434098,0.0009507090312651,0.0008553820361251
128,1809249-37-3,CCC(CC)COC(=O)[C@H](C)N[P@](=O)(OC[C@H]1O[C@@](C#N)(c2ccc3c(N)ncnn23)[C@H](O)[C@@H]1O)Oc1ccccc1,0.6938,0.7637062,0.0007169113071184,0.000651291227894
129,1187594-09-7,CCS(=O)(=O)N1CC(CC#N)(n2cc(-c3ncnc4[nH]ccc34)cn2)C1,0.84213,0.82240593,0.0011630849752036,0.0011909814593627
130,906673-24-3,N#Cc1ccc(Oc2ccc3c(c2)COB3O)cc1,0.83605,0.8806825,0.0017207727544313,0.0014823098576078
131,379270-37-8,CC(C)OC(=O)[C@H](C)N[P@](=O)(CO[C@H](C)Cn1cnc2c(N)ncnc21)Oc1ccccc1,0.58446,0.6359238,0.0008562901648358,0.0007869991698918
132,167933-07-5,O=c1[nH]c2ccccc2n1CCN1CCN(c2cccc(C(F)(F)F)c2)CC1,0.9171,0.92643225,0.0011065318678616,0.0010953820912008
133,53179-13-8,Cc1ccc(=O)n(-c2ccccc2)c1,0.53112,0.48485294,0.0021811192813103,0.0023892336670548
134,144060-53-7,Cc1nc(-c2ccc(OCC(C)C)c(C#N)c2)sc1C(=O)O,1.03923,1.2208911,0.0011884367631534,0.0010116090775035
135,150322-43-3,CC(=O)Oc1cc2c(s1)CCN(C(C(=O)C1CC1)c1ccccc1F)C2,0.52527,0.24058759,0.0011567844605287,0.0025255951958728
136,441798-33-0,CCCNS(=O)(=O)Nc1ncnc(OCCOc2ncc(Br)cn2)c1-c1ccc(Br)cc1,1.1461,1.059513,0.0006459487116722,0.0006987389665516
137,269055-15-4,Cc1cc(C#N)cc(C)c1Oc1nc(Nc2ccc(C#N)cc2)nc(N)c1Br,1.78103,1.7306145,0.0008913700219396,0.0008605943392009
138,191732-72-6,Nc1cccc2c1CN(C1CCC(=O)NC1=O)C2=O,0.60285,0.6157119,0.0016662488187761,0.0015710167727614
139,130-95-0,C=C[C@H]1CN2CC[C@H]1C[C@H]2[C@H](O)c1ccnc2ccc(OC)cc12,0.81702,0.8431425,0.0011959657731857,0.0011589069403655
140,24280-93-1,COc1c(C)c2c(c(O)c1C/C=C(\C)CCC(=O)O)C(=O)OC2,0.74642,0.67252463,0.0012486693866848,0.0013858726314675
141,171596-29-5,CN1CC(=O)N2[C@H](c3ccc4c(c3)OCO4)c3[nH]c4ccccc4c3C[C@@H]2C1=O,1.26097,1.1788032,0.0009861046554925,0.0010548408819238
142,142340-99-6,CC(C)(C)C(=O)OCOP(=O)(COCCn1cnc2c(N)ncnc21)OCOC(=O)C(C)(C)C,0.45804,0.4965266,0.000773714447522,0.0007137360204047
143,129722-12-9,O=C1CCc2ccc(OCCCCN3CCN(c4cccc(Cl)c4Cl)CC3)cc2N1,1.00844,1.0736701,0.0008653104189618,0.0008127370662168
144,144689-63-4,CCCc1nc(C(C)(C)O)c(C(=O)OCc2oc(=O)oc2C)n1Cc1ccc(-c2ccccc2-c2nn[nH]n2)cc1,1.20492,1.1781992,0.0007662080756182,0.0007835877566817
145,137234-62-9,C[C@@H](c1ncncc1F)[C@](O)(Cn1cncn1)c1ccc(F)cc1F,0.3094,0.20768559,0.0012367025844793,0.0018423945010301
146,93-14-1,COc1ccccc1OCC(O)CO,0.34911,0.38435274,0.002139059015831,0.0019429019306965
147,181695-72-7,Cc1onc(-c2ccccc2)c1-c1ccc(S(N)(=O)=O)cc1,0.93497,0.8377384,0.0012851262541114,0.0014342816131854
148,28721-07-5,NC(=O)N1c2ccccc2CC(=O)c2ccccc21,0.67073,0.72522193,0.0015380163552976,0.0014224441038868
149,68291-97-4,NS(=O)(=O)Cc1noc2ccccc12,0.38297,0.39677182,0.0019035951561984,0.0018373688973376
150,177036-94-1,COC(c1ccccc1)(c1ccccc1)[C@H](Oc1nc(C)cc(C)n1)C(=O)O,0.66961,0.57845104,0.0010992844081304,0.0012725303790332
151,380843-75-4,COc1cc(Nc2c(C#N)cnc3cc(OCCCN4CCN(C)CC4)c(OC)cc23)c(Cl)cc1Cl,1.73558,1.7463504,0.0007314461519899,0.0007269344747759
152,67392-87-4,C[C@]12CCC(=O)C=C1[C@@H]1C[C@@H]1[C@H]1[C@@H]3[C@@H]4C[C@@H]4[C@@]4(CCC(=O)O4)[C@@]3(C)CC[C@@H]12,0.38571,0.23689078,0.0010586601400814,0.0017237393940357
153,755037-03-7,CNC(=O)c1cc(Oc2ccc(NC(=O)Nc3ccc(Cl)c(C(F)(F)F)c3)c(F)c2)ccn1,1.37631,1.4850833,0.0008864568856781,0.0008215269681308
154,163451-81-8,C/C(O)=C(\C#N)C(=O)Nc1ccc(C(F)(F)F)cc1,0.8043,0.6215349,0.0014951334147514,0.0020880388401906
155,175481-36-4,COC[C@@H](NC(C)=O)C(=O)NCc1ccccc1,0.22886,0.21533188,0.0016140760213825,0.0017155108941745
